Domestic,Beat,District,Ward,Community Area,FBI Code,X Coordinate,Y Coordinate,Year,Updated On,Latitude,Longitude,Location
TRUE,1022,10,24,29,08B,1154907,1893681,2016,05-10-2016 15:56,41.86407316,-87.70681861,"(41.864073157, -87.706818608)"
TRUE,313,3,20,42,08B,1183066,1864330,2016,05-10-2016 15:56,41.78292153,-87.60436317,"(41.782921527, -87.60436317)"
FALSE,1524,15,37,25,24,1140789,1904819,2016,05-10-2016 15:56,41.89490828,-87.75837196,"(41.894908283, -87.758371958)"
FALSE,1532,15,28,25,08B,1143223,1901475,2016,05-10-2016 15:56,41.88568685,-87.74951598,"(41.885686845, -87.749515983)"
TRUE,1523,15,28,25,6,1139890,1901675,2016,05-10-2016 15:56,41.88629724,-87.76175071,"(41.886297242, -87.761750709)"
FALSE,631,6,8,44,04B,1183336,1850642,2016,05-10-2016 15:56,41.74535402,-87.6037989,"(41.745354023, -87.603798903)"
FALSE,133,1,3,35,08B,1176730,1886544,2016,05-10-2016 15:56,41.84402377,-87.62692325,"(41.844023772, -87.626923253)"
FALSE,215,2,3,38,08B,1178514,1874573,2016,05-10-2016 15:56,41.81113396,-87.62074077,"(41.811133958, -87.62074077)"
FALSE,2432,24,40,1,08B,1165696,1942616,2016,05-10-2016 15:56,41.99813061,-87.66581404,"(41.99813061, -87.665814038)"
TRUE,735,7,17,67,08B,1166876,1858796,2016,05-10-2016 15:56,41.76809684,-87.66387859,"(41.768096835, -87.663878589)"
FALSE,334,3,7,43,15,1195696,1856719,2016,05-10-2016 15:56,41.76173329,-87.55830998,"(41.761733286, -87.558309979)"
TRUE,1834,18,42,8,08B,1176630,1904401,2016,05-10-2016 15:56,41.89302675,-87.62675083,"(41.893026751, -87.626750829)"
FALSE,1232,12,2,28,6,1168776,1898793,2016,05-10-2016 15:56,41.87781186,-87.65575801,"(41.877811861, -87.655758012)"
FALSE,133,1,4,35,6,1179375,1886199,2016,05-10-2016 15:56,41.84301696,-87.61722727,"(41.843016958, -87.61722727)"
FALSE,1434,14,1,24,6,1160444,1910787,2016,05-10-2016 15:56,41.91090083,-87.68601875,"(41.910900826, -87.686018747)"
TRUE,831,8,18,66,08B,1157957,1856539,2016,05-10-2016 15:56,41.76208913,-87.69663234,"(41.762089133, -87.696632337)"
FALSE,1424,14,1,24,6,1162515,1909832,2016,05-10-2016 15:56,41.9082371,-87.67843742,"(41.908237096, -87.678437417)"
FALSE,225,2,3,40,3,1177219,1868295,2016,05-10-2016 15:56,41.79393591,-87.62568028,"(41.793935909, -87.625680278)"
FALSE,2232,22,34,73,7,1171751,1838335,2016,05-10-2016 15:56,41.71184357,-87.64660793,"(41.711843569, -87.646607932)"
TRUE,222,2,4,39,08B,1183654,1876344,2016,05-10-2016 15:56,41.81587521,-87.60183257,"(41.815875211, -87.601832565)"
FALSE,1424,14,1,24,08A,1162780,1910519,2016,05-10-2016 15:56,41.91011672,-87.67744465,"(41.910116718, -87.677444645)"
FALSE,235,2,5,41,08A,1182557,1867162,2016,05-10-2016 15:56,41.79070461,-87.60614149,"(41.790704614, -87.606141486)"
FALSE,1932,19,32,7,6,1165898,1916813,2016,05-10-2016 15:56,41.92732184,-87.66581042,"(41.927321839, -87.665810418)"
FALSE,1611,16,41,10,6,1129898,1941574,2016,05-10-2016 15:56,41.99596152,-87.79752856,"(41.995961517, -87.797528563)"
FALSE,1831,18,42,8,26,1173680,1903250,2016,05-10-2016 15:56,41.88993449,-87.63761923,"(41.889934493, -87.637619229)"
FALSE,2223,22,21,73,6,1170857,1841803,2016,05-10-2016 15:56,41.7213798,-87.64978116,"(41.721379795, -87.649781161)"
FALSE,1932,19,32,7,6,1167657,1916082,2016,05-10-2016 15:56,41.92527818,-87.65936796,"(41.925278177, -87.65936796)"
FALSE,915,9,11,34,11,1175297,1883093,2016,05-10-2016 15:56,41.83458618,-87.63228541,"(41.834586177, -87.632285413)"
FALSE,821,8,14,58,11,1155409,1875700,2016,05-10-2016 15:56,41.81472107,-87.7054583,"(41.814721065, -87.7054583)"
FALSE,613,6,21,71,7,1171118,1848917,2016,05-10-2016 15:56,41.74089592,-87.64861788,"(41.740895923, -87.648617881)"
FALSE,122,1,2,32,7,1174166,1899864,2016,05-10-2016 15:56,41.88063228,-87.63593549,"(41.88063228, -87.635935494)"
FALSE,1513,15,29,25,08B,1138636,1898830,2016,05-10-2016 15:56,41.87851302,-87.76642478,"(41.87851302, -87.766424778)"
FALSE,2534,25,37,23,6,1147775,1908648,2016,05-10-2016 15:56,41.90528413,-87.73261553,"(41.90528413, -87.732615525)"
FALSE,1923,19,44,6,6,1169265,1925099,2016,05-10-2016 15:56,41.94998639,-87.65319658,"(41.949986394, -87.65319658)"
FALSE,2433,24,48,77,14,1167960,1941343,2016,05-10-2016 15:56,41.99458874,-87.65752255,"(41.994588742, -87.657522554)"
FALSE,511,5,9,49,11,1181016,1838453,2016,05-10-2016 15:56,41.7119596,-87.61267363,"(41.711959596, -87.612673629)"
FALSE,925,9,11,61,6,1172757,1877882,2016,05-10-2016 15:56,41.82034323,-87.64175921,"(41.820343226, -87.641759214)"
FALSE,1733,17,33,21,14,1155113,1922566,2016,05-10-2016 15:56,41.94333206,-87.70528607,"(41.943332055, -87.705286066)"
FALSE,331,3,5,43,6,1192946,1860098,2016,05-10-2016 15:56,41.77107306,-87.56827866,"(41.771073064, -87.568278663)"
TRUE,725,7,17,67,08B,1166850,1859459,2016,05-10-2016 15:56,41.76991675,-87.66395498,"(41.769916749, -87.663954978)"
FALSE,533,5,9,54,6,1183339,1817078,2016,05-10-2016 15:56,41.65324998,-87.60482818,"(41.653249978, -87.604828177)"
FALSE,824,8,16,66,7,1158392,1865224,2016,05-10-2016 15:56,41.78591319,-87.69480165,"(41.785913194, -87.694801653)"
FALSE,811,8,23,56,14,1130469,1867268,2016,05-10-2016 15:56,41.79204575,-87.79713628,"(41.792045748, -87.797136278)"
FALSE,2213,22,21,73,26,1170219,1841786,2016,05-10-2016 15:56,41.72134702,-87.65211853,"(41.721347022, -87.652118525)"
FALSE,1732,17,30,21,6,1150905,1923676,2016,05-10-2016 15:56,41.94646154,-87.72072354,"(41.946461543, -87.72072354)"
FALSE,112,1,42,32,14,1176814,1900257,2016,05-10-2016 15:56,41.88165124,-87.62620049,"(41.881651236, -87.626200491)"
FALSE,424,4,7,46,15,1199184,1847728,2016,05-10-2016 15:56,41.73697442,-87.545828,"(41.736974418, -87.545827999)"
FALSE,2511,25,29,19,7,1133897,1918956,2016,05-10-2016 15:56,41.93382589,-87.78335189,"(41.933825894, -87.78335189)"
TRUE,914,9,11,60,26,1172771,1885463,2016,05-10-2016 15:56,41.84114586,-87.64148388,"(41.841145857, -87.641483881)"
FALSE,324,3,8,43,7,1188770,1857957,2016,05-10-2016 15:56,41.7652989,-87.58365451,"(41.765298896, -87.583654511)"
FALSE,1611,16,41,10,6,1130812,1940757,2016,05-10-2016 15:56,41.99370385,-87.79418524,"(41.993703853, -87.794185238)"
FALSE,1832,18,42,8,11,1175628,1906198,2016,05-10-2016 15:56,41.8979804,-87.63037668,"(41.897980396, -87.630376682)"
TRUE,723,7,16,68,08B,1171414,1862128,2016,05-10-2016 15:56,41.77714211,-87.64714727,"(41.777142114, -87.647147267)"
FALSE,1834,18,42,8,6,1176302,1903096,2016,05-10-2016 15:56,41.88945317,-87.62799483,"(41.889453169, -87.627994833)"
FALSE,1812,18,43,7,6,1169773,1914157,2016,05-10-2016 15:56,41.91994998,-87.65164906,"(41.919949978, -87.651649056)"
FALSE,912,9,11,59,14,1166183,1883676,2016,05-11-2016 15:50,41.83638523,-87.66571041,"(41.836385231, -87.66571041)"
FALSE,622,6,21,44,6,1175078,1849610,2016,05-11-2016 15:50,41.74271022,-87.63408818,"(41.742710224, -87.634088181)"
FALSE,2531,25,29,25,11,1136460,1911565,2016,05-10-2016 15:56,41.91349864,-87.77410994,"(41.913498644, -87.774109939)"
FALSE,1422,14,26,23,14,1154577,1908468,2016,05-10-2016 15:56,41.90465676,-87.70763425,"(41.904656764, -87.707634248)"
FALSE,1432,14,32,22,14,1161347,1914241,2016,05-10-2016 15:56,41.9203601,-87.68260517,"(41.920360101, -87.682605169)"
FALSE,922,9,14,58,14,1155737,1875838,2016,05-10-2016 15:56,41.81509317,-87.70425144,"(41.815093173, -87.704251437)"
FALSE,1122,11,28,26,26,1150799,1899061,2016,05-10-2016 15:56,41.87891776,-87.72175831,"(41.878917763, -87.721758314)"
FALSE,123,1,2,32,6,1176517,1895340,2016,05-10-2016 15:56,41.86816541,-87.62743954,"(41.868165405, -87.62743954)"
FALSE,111,1,42,32,11,1176904,1901295,2016,05-10-2016 15:56,41.88449753,-87.6258386,"(41.884497529, -87.625838595)"
FALSE,121,1,27,28,6,1171824,1900768,2016,05-10-2016 15:56,41.88316482,-87.6445084,"(41.883164818, -87.644508395)"
FALSE,1611,16,41,10,6,1131033,1939617,2016,05-10-2016 15:56,41.99057177,-87.79339873,"(41.99057177, -87.793398734)"
FALSE,512,5,9,49,08A,1179094,1835637,2016,05-10-2016 15:56,41.70427604,-87.61979792,"(41.704276039, -87.619797922)"
FALSE,411,4,8,45,14,1187546,1852538,2016,05-10-2016 15:56,41.75045785,-87.58831279,"(41.750457849, -87.588312792)"
FALSE,1032,10,12,30,11,1155512,1884264,2016,05-10-2016 15:56,41.8382197,-87.70485067,"(41.838219696, -87.704850674)"
FALSE,1623,16,45,11,7,1139224,1931886,2016,05-10-2016 15:56,41.96921161,-87.7634591,"(41.969211609, -87.763459102)"
FALSE,225,2,3,40,26,1177170,1870046,2016,05-10-2016 15:56,41.79874193,-87.62580711,"(41.798741929, -87.62580711)"
FALSE,611,6,21,71,6,1166410,1851364,2016,05-10-2016 15:56,41.74771234,-87.66579808,"(41.747712344, -87.665798083)"
FALSE,634,6,21,49,08B,1176590,1843118,2016,05-10-2016 15:56,41.7248615,-87.62874294,"(41.724861497, -87.628742936)"
FALSE,624,6,6,69,6,1182201,1855156,2016,05-10-2016 15:56,41.75776725,-87.60781822,"(41.757767253, -87.607818223)"
FALSE,1023,10,25,31,6,1160686,1890209,2016,05-10-2016 15:56,41.85442795,-87.68570021,"(41.854427952, -87.685700213)"
FALSE,2032,20,47,3,08A,1164323,1933390,2016,05-10-2016 15:56,41.97284344,-87.67112723,"(41.972843435, -87.671127232)"
FALSE,712,7,16,68,6,1170696,1864158,2016,05-10-2016 15:56,41.78272837,-87.64972028,"(41.782728365, -87.649720276)"
FALSE,2535,25,30,23,3,1150444,1909392,2016,05-10-2016 15:56,41.90727403,-87.72279189,"(41.907274031, -87.722791892)"
TRUE,1634,16,38,15,08B,1143575,1923186,2016,05-10-2016 15:56,41.94525754,-87.74767892,"(41.945257538, -87.74767892)"
FALSE,324,3,5,43,08B,1186321,1857530,2016,05-10-2016 15:56,41.76418539,-87.5926442,"(41.764185391, -87.592644199)"
FALSE,1611,16,41,10,6,1130189,1940933,2016,05-10-2016 15:56,41.99419755,-87.79647287,"(41.994197554, -87.796472871)"
FALSE,2412,24,50,2,7,1154820,1943117,2016,05-10-2016 15:56,41.99973106,-87.70580971,"(41.99973106, -87.705809711)"
FALSE,333,3,5,43,26,1190777,1858141,2016,05-11-2016 15:50,41.76575557,-87.57629243,"(41.765755571, -87.576292427)"
FALSE,2012,20,40,77,26,1164322,1937557,2016,05-10-2016 15:56,41.98427785,-87.67101243,"(41.984277849, -87.671012432)"
FALSE,1824,18,42,8,6,1176265,1907589,2016,05-11-2016 15:50,41.90178302,-87.62799506,"(41.90178302, -87.627995064)"
FALSE,1032,10,22,30,5,1152831,1884874,2016,05-10-2016 15:56,41.83994702,-87.7146725,"(41.839947022, -87.714672499)"
FALSE,822,8,14,63,08A,1155977,1865327,2016,05-11-2016 15:50,41.78624472,-87.70365352,"(41.786244716, -87.703653521)"
TRUE,214,2,4,36,08B,1183292,1879180,2016,05-10-2016 15:56,41.82366585,-87.60307202,"(41.823665846, -87.603072021)"
FALSE,1121,11,27,23,6,1153911,1904714,2016,05-11-2016 15:50,41.89436874,-87.71018083,"(41.89436874, -87.710180832)"
FALSE,2212,22,19,75,11,1163372,1830887,2016,05-10-2016 15:56,41.69158427,-87.67750189,"(41.691584267, -87.677501885)"
TRUE,1112,11,27,23,08A,1150924,1904654,2016,05-11-2016 15:50,41.8942631,-87.72115283,"(41.894263101, -87.721152828)"
FALSE,321,3,5,42,6,1182702,1861192,2016,05-11-2016 15:50,41.77431903,-87.60579503,"(41.774319025, -87.605795029)"
FALSE,2531,25,29,25,24,1138406,1909030,2016,05-10-2016 15:56,41.90650727,-87.76702211,"(41.906507267, -87.76702211)"
FALSE,412,4,8,45,5,1190325,1849409,2016,05-10-2016 15:56,41.7418051,-87.57823003,"(41.741805104, -87.578230034)"
FALSE,833,8,13,65,26,1148884,1858936,2016,05-10-2016 15:56,41.76884638,-87.7298248,"(41.768846377, -87.729824801)"
FALSE,825,8,16,66,6,1161408,1864461,2016,05-10-2016 15:56,41.78375742,-87.68376461,"(41.783757424, -87.683764609)"
FALSE,1634,16,38,15,6,1141431,1923782,2016,05-10-2016 15:56,41.94693295,-87.75554478,"(41.946932946, -87.75554478)"
FALSE,1633,16,36,17,5,1135651,1920983,2016,05-10-2016 15:56,41.93935715,-87.77685754,"(41.939357146, -87.776857542)"
FALSE,1933,19,44,6,11,1169107,1919625,2016,05-10-2016 15:56,41.93496894,-87.65393685,"(41.934968944, -87.653936849)"
FALSE,1933,19,32,6,6,1166410,1921167,2016,05-10-2016 15:56,41.93925849,-87.66380409,"(41.939258491, -87.663804093)"
FALSE,811,8,23,56,6,1135620,1867749,2016,05-10-2016 15:56,41.79327599,-87.77823659,"(41.793275985, -87.77823659)"
FALSE,111,1,42,32,6,1176585,1901750,2016,05-10-2016 15:56,41.88575329,-87.62699624,"(41.885753285, -87.626996239)"
FALSE,412,4,8,45,14,1190338,1848813,2016,05-10-2016 15:56,41.74016931,-87.57820157,"(41.740169311, -87.578201565)"
FALSE,633,6,6,44,08B,1183121,1846055,2016,05-10-2016 15:56,41.73277179,-87.60472899,"(41.732771785, -87.604728989)"
FALSE,915,9,11,60,6,1171863,1882071,2016,05-10-2016 15:56,41.83185793,-87.64491566,"(41.831857932, -87.64491566)"
FALSE,931,9,20,61,11,1166467,1873388,2016,05-10-2016 15:56,41.8081478,-87.66496197,"(41.808147803, -87.664961971)"
FALSE,424,4,7,46,14,1199184,1847735,2016,05-10-2016 15:56,41.73699363,-87.54582776,"(41.736993626, -87.545827764)"
FALSE,2433,24,40,77,6,1163624,1941880,2016,05-10-2016 15:56,41.99615508,-87.67345707,"(41.996155077, -87.673457065)"
FALSE,2213,22,21,73,14,1168076,1841733,2016,05-11-2016 15:50,41.72124785,-87.65996945,"(41.721247847, -87.659969446)"
FALSE,1712,17,40,13,11,1153730,1936013,2016,05-10-2016 15:56,41.98025918,-87.71000978,"(41.980259177, -87.710009782)"
FALSE,1523,15,28,25,08B,1139441,1901703,2016,05-10-2016 15:56,41.88638227,-87.76339888,"(41.886382272, -87.763398884)"
FALSE,2533,25,37,25,26,1141622,1910145,2016,05-10-2016 15:56,41.90950808,-87.7551807,"(41.909508082, -87.755180702)"
FALSE,1833,18,42,8,6,1176466,1907032,2016,05-10-2016 15:56,41.90025005,-87.62727361,"(41.900250049, -87.627273613)"
FALSE,1024,10,24,30,3,1155039,1889026,2016,05-10-2016 15:56,41.85129667,-87.7064588,"(41.851296671, -87.706458801)"
FALSE,1235,12,25,31,7,1170718,1891113,2016,05-10-2016 15:56,41.85669507,-87.64885236,"(41.856695068, -87.648852364)"
FALSE,1924,19,44,6,6,1170308,1923273,2016,05-10-2016 15:56,41.94495301,-87.64941621,"(41.944953005, -87.649416212)"
FALSE,623,6,6,44,14,1179410,1852394,2016,05-10-2016 15:56,41.75025215,-87.61813096,"(41.750252151, -87.61813096)"
FALSE,1934,19,44,6,6,1171402,1919138,2016,05-10-2016 15:56,41.93358238,-87.64551708,"(41.933582379, -87.645517082)"
FALSE,1424,14,1,24,6,1162452,1909424,2016,05-10-2016 15:56,41.90711883,-87.67868029,"(41.907118834, -87.678680286)"
FALSE,332,3,5,43,6,1188363,1860651,2016,05-10-2016 15:56,41.77270119,-87.58506036,"(41.772701185, -87.585060362)"
FALSE,131,1,2,33,08B,1177485,1892305,2016,05/23/2016 03:48:54 PM,41.85981528,-87.62397793,"(41.859815277, -87.623977927)"
TRUE,223,2,3,38,08B,1180055,1873293,2016,05-10-2016 15:56,41.80758633,-87.61512779,"(41.807586328, -87.615127788)"
FALSE,2223,22,21,73,14,1174222,1840563,2016,05-10-2016 15:56,41.71790308,-87.63749255,"(41.717903082, -87.63749255)"
FALSE,1933,19,44,6,14,1169596,1921441,2016,05-10-2016 15:56,41.93994148,-87.65208674,"(41.93994148, -87.652086737)"
FALSE,1724,17,33,14,6,1154500,1929070,2016,05-10-2016 15:56,41.96119177,-87.70736456,"(41.96119177, -87.707364558)"
TRUE,712,7,16,68,26,1170978,1865954,2016,05-10-2016 15:56,41.78765064,-87.64863395,"(41.787650639, -87.648633945)"
FALSE,1814,18,43,7,11,1173986,1913691,2016,05-10-2016 15:56,41.91857831,-87.63618385,"(41.918578314, -87.636183854)"
FALSE,132,1,2,33,11,1178756,1891402,2016,05-10-2016 15:56,41.85730848,-87.61934007,"(41.857308478, -87.619340066)"
FALSE,1411,14,35,22,7,1156925,1917430,2016,05-10-2016 15:56,41.92920189,-87.69876576,"(41.929201886, -87.698765756)"
FALSE,1523,15,28,25,5,1141195,1902044,2016,05-10-2016 15:56,41.88728587,-87.75694927,"(41.887285871, -87.756949272)"
FALSE,1214,12,27,28,14,1169100,1901749,2016,05-10-2016 15:56,41.88591631,-87.65448252,"(41.885916313, -87.654482517)"
FALSE,1924,19,44,6,6,1169310,1923616,2016,05-10-2016 15:56,41.945916,-87.65307443,"(41.945916003, -87.653074432)"
FALSE,1222,12,28,27,6,1155397,1899849,2016,05-10-2016 15:56,41.88098896,-87.70485404,"(41.880988964, -87.704854042)"
FALSE,1631,16,36,17,11,1121837,1921147,2016,05-10-2016 15:56,41.94004203,-87.82762547,"(41.940042028, -87.827625466)"
FALSE,2433,24,48,77,6,1167747,1940929,2016,05-10-2016 15:56,41.99345733,-87.65831807,"(41.993457327, -87.658318065)"
FALSE,232,2,20,40,6,1178617,1865611,2016,05-10-2016 15:56,41.78653906,-87.62063552,"(41.786539062, -87.620635522)"
TRUE,1831,18,42,8,26,1172883,1904116,2016,05-10-2016 15:56,41.89232854,-87.64052046,"(41.892328543, -87.640520462)"
FALSE,1632,16,38,17,08A,1131814,1925542,2016,05-10-2016 15:56,41.95193503,-87.79085381,"(41.951935032, -87.790853806)"
FALSE,1231,12,2,28,2,1164782,1896486,2016,05-11-2016 15:50,41.87156685,-87.67048835,"(41.871566847, -87.670488348)"
FALSE,332,3,5,43,26,1188588,1859566,2016,05-11-2016 15:50,41.76971848,-87.58427023,"(41.76971848, -87.584270226)"
FALSE,2223,22,21,73,18,1174958,1840580,2016,05-11-2016 15:50,41.71793338,-87.63479637,"(41.717933377, -87.634796373)"
FALSE,132,1,2,33,11,1177540,1890161,2016,05-10-2016 15:56,41.85393075,-87.62384107,"(41.853930752, -87.623841071)"
FALSE,2432,24,40,1,17,1165070,1944128,2016,05-10-2016 15:56,42.00229294,-87.66807366,"(42.002292941, -87.668073655)"
FALSE,411,4,8,45,6,1186568,1853360,2016,05-10-2016 15:56,41.75273668,-87.59187063,"(41.752736679, -87.591870628)"
TRUE,715,7,15,67,26,1165442,1865561,2016,05-10-2016 15:56,41.78669138,-87.6689433,"(41.786691384, -87.668943302)"
FALSE,832,8,18,66,6,1162537,1857540,2016,05-10-2016 15:56,41.76474177,-87.67981809,"(41.764741768, -87.679818093)"
FALSE,1733,17,33,16,11,1153705,1925357,2016,05-10-2016 15:56,41.95101895,-87.71038665,"(41.951018949, -87.710386648)"
TRUE,1225,12,2,28,26,1162659,1898621,2016,05-11-2016 15:50,41.8774702,-87.67822288,"(41.877470199, -87.678222877)"
FALSE,312,3,20,42,3,1180045,1861769,2016,05-10-2016 15:56,41.77596364,-87.61551737,"(41.775963639, -87.615517372)"
FALSE,611,6,21,71,6,1167071,1851447,2016,05-11-2016 15:50,41.74792601,-87.6633736,"(41.74792601, -87.663373604)"
TRUE,1632,16,36,17,26,1129411,1924029,2016,05-10-2016 15:56,41.94782459,-87.79972205,"(41.947824587, -87.799722047)"
FALSE,1122,11,27,23,5,1151310,1902714,2016,05-10-2016 15:56,41.88893198,-87.71978611,"(41.888931976, -87.719786107)"
FALSE,823,8,15,66,11,1155146,1862987,2016,05-10-2016 15:56,41.77984007,-87.70676293,"(41.77984007, -87.706762932)"
FALSE,422,4,7,46,6,1193875,1851074,2016,05-10-2016 15:56,41.74628779,-87.56516873,"(41.746287787, -87.565168726)"
FALSE,334,3,7,43,2,,,2015,05-10-2016 15:56,,,
FALSE,614,6,21,71,11,,,2016,05-10-2016 15:56,,,
FALSE,313,3,20,42,6,,,2016,05-10-2016 15:56,,,
FALSE,1124,11,28,27,6,,,2015,05-10-2016 15:56,,,
TRUE,1421,14,35,22,26,,,2016,05-10-2016 15:56,,,
FALSE,1934,19,44,6,11,,,2016,05-10-2016 15:56,,,
FALSE,2533,25,37,23,6,,,2016,05-10-2016 15:56,,,
FALSE,1915,19,46,3,17,,,2016,05-10-2016 15:56,,,
FALSE,413,4,8,47,04A,,,2016,05-10-2016 15:56,,,
FALSE,935,9,3,37,3,1175550,1868625,2016,05/23/2016 03:48:54 PM,41.794879,-87.63179049,"(41.794879, -87.63179049)"
FALSE,523,5,34,53,20,,,2016,05-10-2016 15:56,,,
FALSE,1023,10,12,30,26,,,2016,05-10-2016 15:56,,,
FALSE,1724,17,33,14,26,,,2016,05-10-2016 15:56,,,
FALSE,722,7,6,68,6,,,2016,05-10-2016 15:56,,,
FALSE,1611,16,41,9,26,,,2016,05-10-2016 15:56,,,
FALSE,1834,18,42,8,6,,,2016,05-10-2016 15:56,,,
FALSE,1032,10,22,30,11,,,2016,05-10-2016 15:56,,,
FALSE,1834,18,42,8,11,,,2016,05-10-2016 15:56,,,
FALSE,931,9,16,61,20,,,2016,05-10-2016 15:56,,,
FALSE,1423,14,26,24,6,,,2016,05-10-2016 15:56,,,
FALSE,1422,14,26,23,11,,,2016,05-10-2016 15:56,,,
FALSE,513,5,10,51,11,,,2016,05-10-2016 15:56,,,
FALSE,622,6,21,71,26,,,2016,05-10-2016 15:56,,,
FALSE,835,8,18,66,01A,1160663,1855290,2016,05-10-2016 15:56,41.7586063,-87.68674885,"(41.758606301, -87.686748849)"
FALSE,1533,15,28,25,01A,1143598,1899211,2016,05-10-2016 15:56,41.87946715,-87.74819558,"(41.879467146, -87.748195577)"
TRUE,934,9,16,61,08B,1167130,1868260,2016,05-11-2016 15:50,41.79406181,-87.662677,"(41.794061805, -87.662676999)"
FALSE,725,7,17,67,15,1167495,1860032,2016,05-11-2016 15:50,41.77147534,-87.66157428,"(41.771475336, -87.661574276)"
FALSE,1134,11,24,27,18,1154249,1896836,2016,05-11-2016 15:50,41.87274397,-87.7091499,"(41.87274397, -87.709149899)"
FALSE,821,8,14,58,18,1155749,1873296,2016,05-11-2016 15:50,41.80811735,-87.70427567,"(41.808117346, -87.704275674)"
FALSE,523,5,9,53,04A,1174204,1820662,2016,05-11-2016 15:50,41.66329207,-87.63814672,"(41.663292071, -87.63814672)"
FALSE,533,5,9,54,04A,1182215,1819214,2016,05-11-2016 15:50,41.65913748,-87.60887511,"(41.659137482, -87.608875108)"
TRUE,421,4,7,43,08B,1194390,1853738,2016,05-11-2016 15:50,41.75358538,-87.56319432,"(41.753585384, -87.563194315)"
FALSE,724,7,17,67,08A,1168837,1859459,2016,05-11-2016 15:50,41.76987408,-87.65667148,"(41.769874082, -87.656671484)"
TRUE,914,9,11,60,08B,1173515,1886698,2016,05-11-2016 15:50,41.84451832,-87.63871703,"(41.844518319, -87.63871703)"
FALSE,1213,12,27,24,14,1166714,1906119,2016,05-11-2016 15:50,41.89795937,-87.66311903,"(41.897959368, -87.663119032)"
FALSE,1513,15,29,25,11,1136741,1895397,2016,05-11-2016 15:50,41.86912653,-87.77346516,"(41.869126533, -87.773465155)"
FALSE,1933,19,44,6,08A,1169640,1921442,2015,05-11-2016 15:48,41.93994326,-87.651925,"(41.939943264, -87.651924995)"
TRUE,2511,25,36,19,2,1134262,1919947,2015,05-11-2016 15:48,41.93653888,-87.78198708,"(41.936538876, -87.781987083)"
FALSE,234,2,4,41,3,1185239,1870376,2016,05-11-2016 15:48,41.79946141,-87.59620632,"(41.799461412, -87.596206318)"
FALSE,2013,20,48,77,3,1167231,1939519,2016,05-11-2016 15:48,41.9895994,-87.66025687,"(41.989599401, -87.660256868)"
FALSE,2422,24,49,1,3,1163020,1950346,2016,05-11-2016 15:48,42.01939873,-87.67543958,"(42.019398729, -87.67543958)"
FALSE,2412,24,50,2,3,1161864,1944903,2016,05-11-2016 15:48,42.00448731,-87.67984643,"(42.004487311, -87.679846425)"
FALSE,2411,24,50,2,3,1159045,1946558,2016,05-11-2016 15:48,42.00908726,-87.69017186,"(42.009087258, -87.690171862)"
FALSE,2512,25,29,19,17,,,2012,05-11-2016 15:48,,,
FALSE,2512,25,29,19,17,,,2012,05-11-2016 15:48,,,
FALSE,234,2,4,41,3,1186659,1870409,2016,05-11-2016 15:48,41.79951843,-87.59099784,"(41.799518433, -87.590997844)"
FALSE,1712,17,39,14,26,1150469,1933641,2016,05-11-2016 15:48,41.97381475,-87.72206486,"(41.973814751, -87.722064863)"
FALSE,1024,10,24,29,5,1153729,1890276,2016,05-11-2016 15:48,41.85475296,-87.71123359,"(41.854752959, -87.711233594)"
FALSE,2532,25,37,25,14,1139460,1911110,2016,05-11-2016 15:48,41.91219587,-87.7630995,"(41.912195867, -87.763099498)"
FALSE,2223,22,21,71,5,1173833,1846882,2016,05-11-2016 15:48,41.73525191,-87.63873055,"(41.735251905, -87.638730547)"
FALSE,2532,25,37,25,08B,,,2016,05-11-2016 15:48,,,
FALSE,634,6,6,49,10,1177949,1842478,2016,05-11-2016 15:48,41.72307462,-87.62378426,"(41.723074622, -87.623784263)"
FALSE,1132,11,24,26,10,1149797,1897617,2016,05-11-2016 15:48,41.8749748,-87.72547505,"(41.874974798, -87.725475051)"
TRUE,934,9,20,61,08B,1170742,1870351,2016,05-11-2016 15:50,41.79972165,-87.64937099,"(41.79972165, -87.64937099)"
FALSE,225,2,3,37,26,1175826,1871120,2016,05-11-2016 15:48,41.80171934,-87.63070362,"(41.80171934, -87.630703621)"
FALSE,323,3,6,69,26,,,2016,05-11-2016 15:48,,,
FALSE,1021,10,24,29,15,1154286,1892167,2016,05-11-2016 15:48,41.85993099,-87.7091387,"(41.859930986, -87.709138696)"
FALSE,1034,10,28,30,08A,1159029,1889294,2016,05-11-2016 15:48,41.85195123,-87.69180719,"(41.851951229, -87.691807185)"
FALSE,323,3,6,69,08B,1177959,1857714,2016,05-11-2016 15:50,41.76488381,-87.62328714,"(41.764883809, -87.623287138)"
FALSE,211,2,3,35,11,1176725,1881799,2016,05-11-2016 15:48,41.83100324,-87.62708478,"(41.831003238, -87.627084778)"
FALSE,531,5,9,50,11,1183356,1831503,2016,05-11-2016 15:48,41.69283384,-87.60431945,"(41.692833841, -87.60431945)"
FALSE,215,2,3,38,10,1178930,1873923,2016,05-11-2016 15:48,41.80934083,-87.61923474,"(41.809340827, -87.619234738)"
TRUE,1235,12,25,31,08B,1172638,1890906,2016,05-11-2016 15:48,41.85608483,-87.6418111,"(41.856084827, -87.6418111)"
TRUE,323,3,6,69,08B,1182827,1856621,2016,05-11-2016 15:48,41.76177285,-87.60547861,"(41.761772852, -87.605478606)"
TRUE,321,3,5,42,08B,1183781,1861450,2016,05-11-2016 15:48,41.77500188,-87.60183161,"(41.775001884, -87.601831608)"
FALSE,1831,18,42,8,6,1175666,1903593,2016,05-11-2016 15:48,41.89083129,-87.63031551,"(41.890831286, -87.63031551)"
FALSE,1131,11,24,25,3,1144836,1897606,2016,05-11-2016 15:50,41.87503958,-87.74369027,"(41.875039579, -87.743690267)"
TRUE,1634,16,38,15,20,1140942,1921773,2016,05-11-2016 15:48,41.94142909,-87.75739185,"(41.941429088, -87.757391847)"
FALSE,112,1,42,32,6,1175804,1899905,2016,05-11-2016 15:48,41.8807081,-87.62991973,"(41.880708104, -87.629919733)"
FALSE,222,2,4,39,6,,,2016,05-11-2016 15:48,,,
FALSE,1834,18,42,8,11,,,2014,05-11-2016 15:48,,,
FALSE,832,8,15,66,5,1162217,1860559,2016,05-11-2016 15:48,41.773033,-87.68090705,"(41.773032995, -87.680907049)"
FALSE,1531,15,37,25,08A,,,2016,05-11-2016 15:48,,,
FALSE,1024,10,24,29,01A,1153059,1890107,2013,05-11-2016 15:48,41.8543025,-87.71369727,"(41.854302497, -87.713697274)"
FALSE,1533,15,28,25,08B,1143291,1898743,2016,05-11-2016 15:50,41.87818863,-87.74933454,"(41.878188634, -87.74933454)"
FALSE,1133,11,28,27,3,1151974,1897714,2016,05-11-2016 15:50,41.87519839,-87.71747939,"(41.875198392, -87.717479393)"
TRUE,712,7,16,68,14,1171829,1864403,2016,05-11-2016 15:50,41.78337588,-87.64555918,"(41.78337588, -87.645559181)"
FALSE,726,7,17,67,6,1165527,1859374,2016,05-11-2016 15:50,41.76971165,-87.66880695,"(41.769711651, -87.668806946)"
FALSE,821,8,14,58,04A,1153352,1873237,2016,05-11-2016 15:50,41.80800325,-87.71306892,"(41.80800325, -87.713068922)"
FALSE,1613,16,41,10,14,1127987,1933730,2016,05-11-2016 15:50,41.97446941,-87.80473648,"(41.974469406, -87.804736475)"
FALSE,123,1,2,32,6,1177364,1897937,2016,05-11-2016 15:50,41.87527257,-87.62425131,"(41.875272573, -87.624251314)"
FALSE,632,6,6,44,14,1180652,1846066,2016,05-11-2016 15:50,41.73285897,-87.61377364,"(41.732858969, -87.613773644)"
FALSE,1033,10,24,30,08A,1156395,1888243,2016,05-11-2016 15:50,41.84912076,-87.70150309,"(41.849120759, -87.70150309)"
FALSE,835,8,18,66,04B,1156362,1855760,2016,05-11-2016 15:50,41.75998368,-87.7024992,"(41.759983683, -87.702499202)"
FALSE,614,6,21,71,08B,1168085,1850698,2016,05-11-2016 15:50,41.74584892,-87.65967947,"(41.745848924, -87.659679467)"
TRUE,1821,18,43,8,04B,1174476,1908840,2016,05-11-2016 15:50,41.905256,-87.63452878,"(41.905256002, -87.634528781)"
TRUE,634,6,21,49,08B,1177233,1843711,2016,05-11-2016 15:50,41.7264743,-87.6263698,"(41.7264743, -87.626369797)"
TRUE,612,6,17,71,08B,1169538,1853064,2016,05-11-2016 15:50,41.75231021,-87.65428696,"(41.75231021, -87.654286963)"
FALSE,1731,17,30,16,5,1147446,1922503,2016,05-11-2016 15:50,41.94330987,-87.73346803,"(41.943309868, -87.733468027)"
FALSE,313,3,20,42,04B,1179992,1863705,2016,05-11-2016 15:50,41.78127743,-87.61565243,"(41.781277428, -87.615652432)"
TRUE,1133,11,24,29,04A,1152965,1894830,2016,05-11-2016 15:50,41.86726481,-87.71391723,"(41.86726481, -87.713917226)"
TRUE,711,7,20,68,08A,1172893,1864872,2016,05-11-2016 15:50,41.78463945,-87.64164438,"(41.784639447, -87.641644377)"
FALSE,712,7,16,68,3,1170660,1865499,2016,05-11-2016 15:50,41.78640901,-87.64981318,"(41.78640901, -87.649813179)"
TRUE,532,5,9,53,20,1179244,1823430,2016,05-11-2016 15:50,41.67077485,-87.61961899,"(41.670774853, -87.619618985)"
FALSE,1925,19,46,6,08A,1170251,1925095,2016,05-11-2016 15:50,41.94995389,-87.64957229,"(41.949953889, -87.649572294)"
FALSE,332,3,5,43,3,1190349,1858310,2016,05-11-2016 15:50,41.76622965,-87.57785572,"(41.766229647, -87.577855722)"
FALSE,214,2,3,38,14,1180347,1879231,2016,05-11-2016 15:50,41.82387397,-87.61387448,"(41.823873974, -87.61387448)"
FALSE,1923,19,44,6,15,1168958,1924315,2016,05-11-2016 15:50,41.94784175,-87.6543479,"(41.947841746, -87.654347901)"
FALSE,2424,24,49,1,08B,1161445,1948370,2016,05-11-2016 15:50,42.01400961,-87.68129079,"(42.014009614, -87.681290785)"
FALSE,1135,11,2,27,08B,1157593,1896245,2016,05-11-2016 15:50,41.87105482,-87.69688858,"(41.871054822, -87.696888584)"
TRUE,1033,10,12,30,08B,1158058,1888522,2016,05-11-2016 15:50,41.84985263,-87.69539208,"(41.849852628, -87.695392076)"
FALSE,1033,10,12,30,11,1156374,1888999,2016,05-11-2016 15:50,41.85119573,-87.70155975,"(41.851195732, -87.70155975)"
TRUE,424,4,10,46,04B,1199605,1849703,2016,05-11-2016 15:50,41.74238338,-87.54421927,"(41.742383379, -87.544219272)"
FALSE,1833,18,42,8,3,1178206,1906978,2016,05-11-2016 15:50,41.9000624,-87.62088426,"(41.900062396, -87.620884259)"
TRUE,211,2,3,35,08B,1178484,1882777,2016,05-11-2016 15:50,41.83364708,-87.62060119,"(41.83364708, -87.620601187)"
FALSE,712,7,16,68,14,1170715,1863427,2016,05-11-2016 15:50,41.780722,-87.64967193,"(41.780722001, -87.649671925)"
FALSE,1624,16,38,15,7,1138222,1928502,2016,05-11-2016 15:50,41.95994384,-87.76722572,"(41.959943835, -87.767225719)"
FALSE,1522,15,29,25,14,1140357,1898140,2016,05-11-2016 15:50,41.8765882,-87.76012246,"(41.876588202, -87.760122455)"
FALSE,423,4,7,46,08B,1196948,1844748,2016,05-11-2016 15:50,41.72885291,-87.55411868,"(41.728852906, -87.554118677)"
FALSE,1115,11,28,26,2,1149424,1898703,2016,05-11-2016 15:50,41.87796215,-87.72681639,"(41.877962146, -87.726816388)"
TRUE,512,5,9,49,04B,1181447,1835083,2016,05-11-2016 15:50,41.70270197,-87.6111987,"(41.702701967, -87.6111987)"
FALSE,631,6,6,44,14,1182955,1851770,2016,05-11-2016 15:50,41.74845823,-87.60515996,"(41.748458232, -87.605159961)"
FALSE,631,6,6,44,3,1179907,1850378,2016,05-11-2016 15:50,41.74470867,-87.6163713,"(41.744708666, -87.616371298)"
FALSE,2011,20,40,2,26,1157590,1939410,2016,05-11-2016 15:50,41.98950274,-87.69572108,"(41.989502743, -87.695721082)"
FALSE,321,3,20,42,6,1182684,1861922,2016,05-11-2016 15:50,41.77632263,-87.60583838,"(41.776322631, -87.605838376)"
TRUE,1611,16,41,9,08B,1124413,1945393,2016,05-11-2016 15:50,42.00653363,-87.81762117,"(42.006533625, -87.817621168)"
FALSE,123,1,2,32,26,1176446,1897964,2016,05-11-2016 15:50,41.87536742,-87.62762099,"(41.875367424, -87.627620993)"
FALSE,1112,11,27,23,6,1151525,1906649,2016,05-11-2016 15:50,41.89972579,-87.71889305,"(41.899725792, -87.71889305)"
FALSE,1614,16,41,76,6,1118477,1936072,2016,05-11-2016 15:50,41.98105183,-87.83965884,"(41.981051826, -87.839658835)"
FALSE,2433,24,48,77,08B,1168600,1939715,2016,05-11-2016 15:50,41.99010759,-87.65521578,"(41.990107594, -87.655215776)"
FALSE,224,2,3,38,7,1178010,1871663,2016,05-11-2016 15:50,41.80316011,-87.62267765,"(41.803160112, -87.622677645)"
TRUE,912,9,11,59,26,1164632,1879998,2016,05-11-2016 15:50,41.82632535,-87.67150558,"(41.82632535, -87.671505581)"
FALSE,923,9,14,63,5,1159923,1869928,2016,05-11-2016 15:50,41.79879026,-87.68905898,"(41.798790264, -87.689058976)"
TRUE,2413,24,50,2,08B,1157512,1941944,2016,05-11-2016 15:50,41.99645774,-87.69593861,"(41.996457737, -87.695938606)"
FALSE,922,9,14,58,08B,1156108,1875096,2016,05-11-2016 15:50,41.81304957,-87.70291051,"(41.813049566, -87.70291051)"
FALSE,1824,18,43,8,11,1176800,1910080,2016,05-11-2016 15:50,41.90860635,-87.62595452,"(41.908606347, -87.625954515)"
TRUE,933,9,16,61,04B,1167175,1871806,2016,05-11-2016 15:50,41.80379148,-87.6624105,"(41.803791478, -87.662410496)"
FALSE,1031,10,22,30,24,1149754,1883727,2016,05-11-2016 15:50,41.83685977,-87.72599366,"(41.836859767, -87.725993659)"
FALSE,722,7,20,68,7,1175613,1862240,2016,05-11-2016 15:50,41.77735648,-87.63175052,"(41.77735648, -87.631750523)"
FALSE,724,7,17,67,6,1168817,1860176,2016,05-11-2016 15:50,41.77184205,-87.65672412,"(41.771842053, -87.656724119)"
FALSE,1523,15,28,25,18,1138983,1901704,2016,05-11-2016 15:50,41.88639335,-87.76508077,"(41.886393351, -87.765080772)"
FALSE,1523,15,28,25,18,1139214,1902011,2016,05-11-2016 15:50,41.8872316,-87.76422499,"(41.887231597, -87.764224994)"
TRUE,723,7,17,68,26,1170769,1861488,2016,05-11-2016 15:50,41.77539998,-87.64953048,"(41.775399976, -87.649530478)"
FALSE,1132,11,24,29,24,1150472,1894425,2016,05-11-2016 15:50,41.86620244,-87.72308003,"(41.866202441, -87.723080029)"
FALSE,724,7,17,68,3,1170123,1860875,2016,05-11-2016 15:50,41.7737319,-87.65191644,"(41.7737319, -87.651916442)"
TRUE,1722,17,45,16,08B,1144516,1931041,2016,05-11-2016 15:50,41.96679462,-87.74402158,"(41.966794623, -87.744021578)"
FALSE,1824,18,42,8,6,1175324,1908199,2016,05-11-2016 15:50,41.90347807,-87.6314331,"(41.903478069, -87.631433102)"
FALSE,2234,22,34,75,3,1171468,1831207,2016,05-11-2016 15:50,41.69228943,-87.64785213,"(41.692289426, -87.647852131)"
TRUE,312,3,20,42,08B,1180029,1862350,2016,05-11-2016 15:50,41.77755833,-87.61555825,"(41.777558327, -87.615558249)"
FALSE,424,4,10,46,5,1199922,1850239,2016,05-11-2016 15:50,41.74384622,-87.54303978,"(41.743846218, -87.543039776)"
FALSE,533,5,9,54,08B,1185547,1819411,2016,05-11-2016 15:50,41.65960058,-87.59667637,"(41.65960058, -87.596676366)"
FALSE,714,7,15,67,08A,1164376,1865179,2016,05-11-2016 15:50,41.78566567,-87.67286259,"(41.785665665, -87.672862591)"
TRUE,1723,17,33,16,08B,1151965,1927886,2016,05-11-2016 15:50,41.95799323,-87.71671595,"(41.957993231, -87.716715948)"
FALSE,431,4,7,51,6,1194794,1839526,2016,05-11-2016 15:50,41.71457649,-87.56218047,"(41.714576492, -87.562180472)"
TRUE,1722,17,39,14,08B,1147190,1931266,2016,05-11-2016 15:50,41.96736115,-87.73418378,"(41.967361149, -87.734183782)"
FALSE,1225,12,2,28,3,1163639,1897450,2016,05-11-2016 15:50,41.87423629,-87.67465758,"(41.874236291, -87.674657583)"
FALSE,813,8,13,62,14,1147807,1865116,2016,05-11-2016 15:50,41.78582598,-87.73361464,"(41.785825983, -87.733614635)"
FALSE,2011,20,40,4,14,1157776,1936428,2016,05-11-2016 15:50,41.9813162,-87.69511867,"(41.9813162, -87.695118674)"
FALSE,815,8,23,56,6,1145926,1868997,2016,05-11-2016 15:50,41.79651187,-87.74041325,"(41.796511869, -87.740413251)"
FALSE,2221,22,21,73,14,1167235,1845492,2016,05-11-2016 15:50,41.73158112,-87.66294264,"(41.731581122, -87.66294264)"
FALSE,823,8,15,66,5,1157974,1862063,2016,05-11-2016 15:50,41.77724747,-87.6964201,"(41.777247466, -87.6964201)"
TRUE,212,2,4,36,08B,1181833,1880693,2016,05-11-2016 15:50,41.82785153,-87.60837767,"(41.827851531, -87.608377666)"
FALSE,1511,15,29,25,18,1138436,1904775,2016,05-11-2016 15:50,41.89483049,-87.76701509,"(41.894830486, -87.767015087)"
FALSE,1221,12,1,24,04A,1160266,1905078,2016,05-11-2016 15:50,41.89523856,-87.68683072,"(41.89523856, -87.686830715)"
FALSE,1831,18,42,8,6,1173695,1903251,2016,05-11-2016 15:50,41.8899369,-87.63756411,"(41.889936903, -87.637564113)"
FALSE,122,1,2,32,6,1174333,1900280,2016,05-11-2016 15:50,41.88177008,-87.63530987,"(41.881770084, -87.635309866)"
FALSE,1913,19,46,3,18,1168225,1930362,2016,05-11-2016 15:50,41.96445085,-87.65686677,"(41.964450845, -87.656866766)"
FALSE,1031,10,22,30,5,1149822,1885508,2016,05-11-2016 15:50,41.84174575,-87.7256979,"(41.841745745, -87.725697904)"
FALSE,2534,25,31,23,15,1147025,1910941,2016,05-11-2016 15:50,41.91159074,-87.73531182,"(41.911590736, -87.73531182)"
FALSE,323,3,6,69,3,1177990,1856463,2016,05-11-2016 15:50,41.76145023,-87.62321137,"(41.761450225, -87.623211368)"
FALSE,532,5,9,53,16,1179122,1822000,2016,05-11-2016 15:50,41.66685349,-87.62010881,"(41.666853485, -87.62010881)"
FALSE,424,4,10,46,18,1197636,1850405,2016,05-11-2016 15:50,41.74435904,-87.55141015,"(41.74435904, -87.551410154)"
FALSE,323,3,6,69,08A,1177540,1856922,2016,05-11-2016 15:50,41.76271995,-87.62484679,"(41.762719954, -87.624846791)"
FALSE,1623,16,45,15,6,1138146,1930974,2016,05-11-2016 15:50,41.96672861,-87.76744511,"(41.966728607, -87.767445112)"
FALSE,211,2,3,35,3,1177450,1881815,2016,05-11-2016 15:50,41.83103076,-87.62442425,"(41.831030756, -87.624424247)"
FALSE,332,3,5,43,14,1188040,1859983,2016,05-11-2016 15:50,41.77087584,-87.58626565,"(41.770875842, -87.586265645)"
TRUE,1014,10,24,29,08B,1151661,1890691,2016,05-11-2016 15:50,41.85593263,-87.71881319,"(41.855932632, -87.718813193)"
FALSE,821,8,14,62,3,1153060,1870566,2016,05-11-2016 15:50,41.80067943,-87.71421048,"(41.800679426, -87.714210482)"
TRUE,1532,15,28,25,26,1142002,1901115,2016,05-11-2016 15:50,41.88472167,-87.75400872,"(41.884721668, -87.754008723)"
FALSE,614,6,21,71,26,1168433,1850077,2016,05-11-2016 15:50,41.74413733,-87.65842217,"(41.74413733, -87.658422172)"
FALSE,923,9,14,63,14,1158930,1869756,2016,05-11-2016 15:50,41.79833864,-87.69270525,"(41.798338639, -87.692705249)"
FALSE,513,5,9,50,3,1184891,1831392,2016,05-11-2016 15:50,41.69249346,-87.59870306,"(41.692493455, -87.598703055)"
FALSE,225,2,3,40,18,1177199,1868999,2016,05-11-2016 15:50,41.79586821,-87.62573237,"(41.795868205, -87.625732367)"
FALSE,513,5,34,49,20,1176536,1833321,2016,05-11-2016 15:50,41.69797838,-87.62923419,"(41.697978381, -87.629234186)"
FALSE,1933,19,44,6,6,1170394,1920533,2016,05-11-2016 15:50,41.93743245,-87.64918049,"(41.93743245, -87.649180491)"
FALSE,821,8,14,57,08B,1150934,1871470,2016,05-11-2016 15:50,41.80320189,-87.72198373,"(41.803201891, -87.72198373)"
FALSE,1522,15,29,25,18,1139594,1898454,2016,05-11-2016 15:50,41.87746381,-87.76291633,"(41.877463808, -87.762916325)"
TRUE,414,4,8,43,6,1188686,1853592,2016,05-11-2016 15:50,41.75332296,-87.58410173,"(41.753322958, -87.584101734)"
FALSE,1134,11,28,27,08B,1156261,1897213,2016,05-11-2016 15:50,41.87373811,-87.70175271,"(41.87373811, -87.701752707)"
TRUE,1133,11,24,26,08B,1151106,1897949,2016,05-11-2016 15:50,41.8758603,-87.72066021,"(41.875860304, -87.720660206)"
FALSE,111,1,42,32,26,1177144,1900833,2016,05-11-2016 15:50,41.88322434,-87.6249713,"(41.883224344, -87.624971297)"
FALSE,1115,11,28,26,6,1149447,1899706,2016,05-11-2016 15:50,41.88071404,-87.72670591,"(41.880714044, -87.726705906)"
FALSE,1713,17,39,13,18,1152801,1933422,2016,05-11-2016 15:50,41.97316782,-87.71349527,"(41.973167821, -87.713495268)"
FALSE,1533,15,28,25,18,1142140,1899440,2016,05-11-2016 15:50,41.8801227,-87.75354352,"(41.880122703, -87.753543515)"
FALSE,432,4,10,52,7,1202048,1835277,2016,05-11-2016 15:50,41.70273553,-87.53575805,"(41.702735533, -87.535758048)"
FALSE,512,5,34,49,04A,1176490,1835977,2016,05-11-2016 15:50,41.70526786,-87.62932312,"(41.705267858, -87.629323117)"
FALSE,614,6,18,71,6,1167159,1848187,2016,05-11-2016 15:50,41.73897822,-87.66314418,"(41.738978222, -87.663144179)"
FALSE,1215,12,26,24,14,1165924,1904437,2016,05-11-2016 15:50,41.89336074,-87.66606866,"(41.893360738, -87.666068662)"
FALSE,922,9,14,58,6,1156818,1873709,2016,05-11-2016 15:50,41.80922913,-87.70034366,"(41.809229134, -87.700343659)"
FALSE,2432,24,40,1,6,1164426,1943519,2016,05-11-2016 15:50,42.00063554,-87.6704602,"(42.000635537, -87.670460204)"
FALSE,713,7,16,67,6,1168291,1867297,2016,05-11-2016 15:50,41.79139429,-87.65844739,"(41.791394287, -87.658447393)"
FALSE,935,9,3,37,18,1175568,1870029,2016,05-11-2016 15:50,41.79873131,-87.63168246,"(41.798731312, -87.631682462)"
FALSE,323,3,6,69,6,1181003,1855399,2016,05-11-2016 15:50,41.75846171,-87.61220124,"(41.758461712, -87.612201241)"
FALSE,511,5,9,49,26,1177986,1836679,2016,05-11-2016 15:50,41.70716055,-87.62382378,"(41.707160552, -87.623823775)"
FALSE,914,9,25,34,3,1175321,1889584,2016,05-11-2016 15:50,41.85239745,-87.63200286,"(41.852397446, -87.63200286)"
FALSE,925,9,11,61,24,1169098,1875160,2016,05-11-2016 15:50,41.81295381,-87.65526084,"(41.812953807, -87.655260839)"
FALSE,121,1,2,28,6,1172740,1900001,2016,05-11-2016 15:50,41.8810399,-87.64116754,"(41.881039896, -87.641167536)"
FALSE,621,6,17,71,3,1171628,1854216,2016,05-11-2016 15:50,41.75542593,-87.64659433,"(41.755425926, -87.646594329)"
FALSE,921,9,12,58,04B,1159416,1878531,2016,05-11-2016 15:50,41.82240839,-87.69068234,"(41.822408394, -87.690682344)"
FALSE,1022,10,24,29,08A,1155571,1893727,2016,05-11-2016 15:50,41.86418606,-87.70437984,"(41.864186063, -87.70437984)"
FALSE,321,3,20,42,26,1183349,1861904,2016,05-11-2016 15:50,41.77625777,-87.60340112,"(41.776257774, -87.603401116)"
FALSE,1113,11,28,26,08B,1146887,1898970,2016,05-11-2016 15:50,41.87874365,-87.73612491,"(41.878743645, -87.736124908)"
FALSE,1133,11,24,27,08B,1151640,1896117,2016,05-11-2016 15:50,41.87082262,-87.7187477,"(41.870822616, -87.7187477)"
FALSE,412,4,8,45,14,1190323,1849483,2016,05-11-2016 15:50,41.74200822,-87.57823498,"(41.742008215, -87.578234982)"
FALSE,1113,11,28,26,18,1146878,1900128,2016,05-11-2016 15:50,41.8819215,-87.73612837,"(41.881921503, -87.736128367)"
FALSE,321,3,20,42,26,1181868,1860736,2016,05-11-2016 15:50,41.77308704,-87.60886637,"(41.773087037, -87.608866374)"
FALSE,1112,11,27,23,18,1151254,1904680,2016,05-11-2016 15:50,41.89432798,-87.71994015,"(41.89432798, -87.719940148)"
FALSE,225,2,20,40,18,1177675,1867725,2016,05-11-2016 15:50,41.79236146,-87.62402541,"(41.792361461, -87.62402541)"
FALSE,623,6,6,69,08B,1178917,1854466,2016,05-11-2016 15:50,41.75594919,-87.61987456,"(41.755949186, -87.619874557)"
FALSE,412,4,8,45,26,1187806,1849920,2016,05-11-2016 15:50,41.74326762,-87.58744321,"(41.743267622, -87.587443207)"
FALSE,422,4,7,46,14,1196578,1851618,2016,05-11-2016 15:50,41.74771392,-87.55524651,"(41.747713921, -87.555246512)"
FALSE,813,8,13,65,08A,1148447,1862773,2016,05-11-2016 15:50,41.77938414,-87.7313282,"(41.779384141, -87.731328199)"
FALSE,835,8,18,70,18,1154616,1853337,2016,05-11-2016 15:50,41.75336954,-87.70896282,"(41.753369537, -87.708962817)"
FALSE,822,8,14,63,14,1155304,1868403,2016,05-11-2016 15:50,41.7946992,-87.70603881,"(41.794699201, -87.70603881)"
FALSE,624,6,6,44,14,1181613,1852449,2016,05-11-2016 15:50,41.75035254,-87.61005655,"(41.750352542, -87.610056553)"
FALSE,1933,19,44,6,14,1168066,1921063,2016,05-11-2016 15:50,41.93893746,-87.65772088,"(41.938937458, -87.657720883)"
FALSE,1031,10,22,30,6,1150506,1884775,2016,05-11-2016 15:50,41.83972099,-87.72320693,"(41.839720992, -87.723206926)"
FALSE,131,1,2,33,14,1176544,1894234,2016,05-11-2016 15:50,41.86512986,-87.62737381,"(41.865129862, -87.627373809)"
FALSE,1122,11,27,23,08B,1151292,1903306,2016,05-11-2016 15:50,41.89055684,-87.71983667,"(41.890556838, -87.719836666)"
FALSE,734,7,17,67,26,1167867,1858640,2016,05-11-2016 15:50,41.76764753,-87.66025058,"(41.767647527, -87.660250581)"
TRUE,1135,11,28,29,08B,1157047,1895237,2016,05-11-2016 15:50,41.86829986,-87.69892051,"(41.868299858, -87.698920505)"
FALSE,1113,11,28,25,26,1144720,1899599,2016,05-11-2016 15:50,41.8805108,-87.74406594,"(41.880510799, -87.744065937)"
TRUE,2031,20,40,4,08B,1157819,1932350,2016,05-11-2016 15:50,41.97012509,-87.69507228,"(41.970125087, -87.695072277)"
FALSE,111,1,42,32,18,1177130,1901750,2016,05-11-2016 15:50,41.88574096,-87.62499491,"(41.885740958, -87.624994912)"
FALSE,2523,25,31,21,18,1149198,1919884,2016,05-11-2016 15:50,41.93608929,-87.72709656,"(41.936089289, -87.727096561)"
FALSE,1523,15,28,25,3,1141647,1901874,2016,05-11-2016 15:50,41.88681103,-87.75529358,"(41.886811027, -87.755293578)"
FALSE,433,4,10,52,6,1201893,1830481,2016,05-11-2016 15:50,41.68957883,-87.53648808,"(41.689578825, -87.536488075)"
FALSE,131,1,25,33,6,1175771,1892296,2016,05-11-2016 15:50,41.85982927,-87.63026974,"(41.859829267, -87.630269741)"
FALSE,234,2,4,41,26,1187201,1869519,2016,05-11-2016 15:50,41.79706335,-87.58903848,"(41.797063346, -87.589038479)"
FALSE,1112,11,27,23,18,1151505,1907247,2016,05-11-2016 15:50,41.90136716,-87.71895078,"(41.901367155, -87.718950781)"
FALSE,2512,25,29,19,26,1135972,1916158,2016,05-11-2016 15:50,41.92611109,-87.77579308,"(41.926111089, -87.775793077)"
FALSE,1222,12,2,27,18,1158054,1899904,2016,05-11-2016 15:50,41.88108608,-87.69509619,"(41.881086082, -87.695096188)"
TRUE,612,6,17,71,04B,1169626,1854830,2016,05-11-2016 15:50,41.75715444,-87.65391337,"(41.757154442, -87.653913374)"
FALSE,331,3,5,43,18,1190997,1858323,2016,05-11-2016 15:50,41.76624968,-87.57548019,"(41.766249677, -87.57548019)"
FALSE,634,6,6,49,08B,1177935,1843153,2016,05-11-2016 15:50,41.72492723,-87.62381517,"(41.724927226, -87.623815165)"
FALSE,2422,24,49,1,26,1163822,1950346,2016,05-11-2016 15:50,42.01938178,-87.67248832,"(42.019381776, -87.672488319)"
TRUE,2513,25,36,25,08B,1130507,1910185,2016,05-11-2016 15:50,41.90981617,-87.79601223,"(41.909816174, -87.796012225)"
FALSE,1122,11,28,26,08A,1149759,1898793,2016,05-11-2016 15:50,41.87820261,-87.725584,"(41.878202613, -87.725583999)"
FALSE,1115,11,28,26,14,1148697,1899688,2016,05-11-2016 15:50,41.88067917,-87.72946033,"(41.880679165, -87.729460332)"
FALSE,1113,11,28,26,14,1146607,1900602,2016,05-11-2016 15:50,41.88322739,-87.73711139,"(41.883227385, -87.737111393)"
FALSE,1024,10,22,30,15,1153091,1887506,2016,05-11-2016 15:50,41.84716441,-87.71364871,"(41.84716441, -87.713648713)"
TRUE,2212,22,19,75,26,1161700,1830710,2016,05-11-2016 15:50,41.69113332,-87.6836282,"(41.691133317, -87.683628198)"
FALSE,1533,15,28,25,24,1144090,1898892,2016,05-11-2016 15:50,41.87858255,-87.74639702,"(41.878582552, -87.746397018)"
FALSE,1123,11,28,27,18,1154669,1900797,2016,05-11-2016 15:50,41.88360497,-87.70750184,"(41.88360497, -87.707501835)"
FALSE,1121,11,27,23,18,1152875,1905964,2016,05-11-2016 15:50,41.89781945,-87.71395263,"(41.897819447, -87.713952627)"
FALSE,1235,12,25,31,14,1171609,1890870,2016,05-11-2016 15:50,41.85600872,-87.64558908,"(41.856008719, -87.64558908)"
FALSE,1931,19,32,7,26,1163883,1917044,2016,05-11-2016 15:50,41.92799852,-87.67320816,"(41.927998524, -87.673208159)"
FALSE,1033,10,24,30,18,1155607,1887226,2016,05-11-2016 15:50,41.84634587,-87.70442248,"(41.846345866, -87.704422482)"
FALSE,2531,25,29,25,26,1138683,1910077,2016,05-11-2016 15:50,41.90937534,-87.76597913,"(41.909375335, -87.765979125)"
FALSE,1524,15,37,25,08B,1139777,1904461,2016,05-11-2016 15:50,41.89394444,-87.76209757,"(41.893944437, -87.762097568)"
FALSE,825,8,15,66,08B,1160301,1862792,2016,05-11-2016 15:50,41.77920033,-87.68786923,"(41.779200334, -87.687869227)"
FALSE,1031,10,22,30,08A,1147562,1883379,2016,05-11-2016 15:50,41.83594706,-87.73404599,"(41.835947057, -87.734045986)"
FALSE,421,4,7,43,08A,1194188,1854809,2016,05-11-2016 15:50,41.75652925,-87.56389946,"(41.756529251, -87.563899456)"
FALSE,524,5,34,53,26,1172302,1827766,2016,05-11-2016 15:50,41.68282852,-87.64489941,"(41.682828519, -87.644899406)"
FALSE,612,6,17,71,6,1166987,1854622,2016,05-11-2016 15:50,41.75664045,-87.66359084,"(41.756640447, -87.663590843)"
FALSE,512,5,34,49,04A,1177884,1836676,2016,05-11-2016 15:50,41.70715463,-87.62419739,"(41.707154625, -87.624197387)"
FALSE,321,3,20,42,26,1182490,1861419,2016,05-11-2016 15:50,41.77494685,-87.60656514,"(41.774946853, -87.606565143)"
FALSE,1121,11,26,23,14,1154544,1906323,2016,05-11-2016 15:50,41.89877135,-87.70781292,"(41.898771348, -87.707812918)"
FALSE,632,6,8,44,26,1183496,1847146,2016,05-11-2016 15:50,41.73575689,-87.60332131,"(41.735756892, -87.603321307)"
TRUE,1123,11,28,27,08B,1153013,1901317,2016,05-11-2016 15:50,41.88506488,-87.71356905,"(41.885064881, -87.713569046)"
FALSE,2233,22,34,49,26,1174934,1831491,2016,05-11-2016 15:50,41.69299237,-87.63515417,"(41.692992374, -87.635154167)"
FALSE,1214,12,27,24,6,1171627,1903300,2016,05-11-2016 15:50,41.89011713,-87.64515722,"(41.890117125, -87.645157222)"
FALSE,912,9,11,59,08B,1163600,1881129,2016,05-11-2016 15:50,41.82945069,-87.67526,"(41.829450691, -87.675259998)"
TRUE,1115,11,28,26,08B,1148160,1898999,2016,05-11-2016 15:50,41.87879882,-87.73144991,"(41.878798822, -87.731449911)"
FALSE,131,1,3,33,18,1176341,1890924,2016,05-11-2016 15:50,41.85605158,-87.62821881,"(41.856051578, -87.628218813)"
FALSE,1614,16,41,76,08B,1119317,1935156,2016,05-11-2016 15:50,41.97852489,-87.83658904,"(41.97852489, -87.836589041)"
FALSE,1723,17,39,16,6,1148986,1927168,2016,05-11-2016 15:50,41.95608128,-87.72768654,"(41.956081284, -87.727686535)"
FALSE,1723,17,39,16,11,1148986,1927168,2016,05-11-2016 15:50,41.95608128,-87.72768654,"(41.956081284, -87.727686535)"
FALSE,726,7,15,67,3,1164584,1862876,2016,05-11-2016 15:50,41.77934155,-87.67216489,"(41.779341548, -87.67216489)"
FALSE,423,4,7,48,14,1194756,1844841,2016,05-11-2016 15:50,41.72916228,-87.56214527,"(41.729162278, -87.562145266)"
FALSE,1122,11,28,26,18,1150398,1899605,2016,05-11-2016 15:50,41.88041839,-87.72321652,"(41.88041839, -87.723216523)"
FALSE,613,6,21,71,08B,1169774,1849505,2016,05-11-2016 15:50,41.74253872,-87.65352517,"(41.742538716, -87.653525166)"
FALSE,2515,25,37,19,18,1138681,1914356,2016,05-11-2016 15:50,41.92111744,-87.76588247,"(41.921117436, -87.765882468)"
FALSE,713,7,16,67,14,1167619,1864290,2016,05-11-2016 15:50,41.78315717,-87.6609977,"(41.783157165, -87.660997703)"
FALSE,111,1,42,32,08B,1176799,1901023,2016,05-11-2016 15:50,41.88375352,-87.62623239,"(41.883753521, -87.626232394)"
FALSE,913,9,11,60,6,1170350,1886816,2016,05-11-2016 15:50,41.84491178,-87.65032856,"(41.844911779, -87.650328563)"
FALSE,2531,25,29,25,08A,1138406,1909030,2016,05-11-2016 15:50,41.90650727,-87.76702211,"(41.906507267, -87.76702211)"
FALSE,731,7,6,69,6,1177024,1859232,2016,05-11-2016 15:50,41.7690705,-87.62666845,"(41.769070498, -87.626668445)"
FALSE,133,1,3,35,6,1176575,1887109,2016,05-11-2016 15:50,41.84557767,-87.62747503,"(41.845577671, -87.627475027)"
FALSE,421,4,7,43,7,1194348,1855059,2016,05-11-2016 15:50,41.75721134,-87.5633049,"(41.757211342, -87.563304897)"
FALSE,1821,18,27,8,6,1172828,1908553,2016,05-11-2016 15:50,41.90450514,-87.64059087,"(41.904505139, -87.640590874)"
FALSE,1232,12,2,28,6,1168933,1898798,2016,05-11-2016 15:50,41.87782218,-87.65518141,"(41.877822179, -87.655181405)"
FALSE,833,8,13,65,6,1145727,1853720,2016,05-11-2016 15:50,41.75459296,-87.74152854,"(41.754592961, -87.741528537)"
FALSE,833,8,13,65,6,1145727,1853720,2016,05-11-2016 15:50,41.75459296,-87.74152854,"(41.754592961, -87.741528537)"
FALSE,111,1,42,32,11,1177242,1902518,2016,05-11-2016 15:50,41.88784585,-87.62456034,"(41.887845852, -87.624560336)"
FALSE,2512,25,36,19,6,1133118,1915251,2016,05-11-2016 15:50,41.92367262,-87.78630161,"(41.923672617, -87.786301606)"
FALSE,431,4,7,51,26,1191212,1840858,2016,05-11-2016 15:50,41.71831893,-87.57525608,"(41.718318926, -87.575256082)"
TRUE,1914,19,46,3,08B,1168692,1930721,2016,05-11-2016 15:50,41.96542582,-87.6551393,"(41.965425822, -87.655139299)"
FALSE,1934,19,44,6,08A,1171724,1920381,2016,05-11-2016 15:50,41.93698613,-87.64429705,"(41.936986127, -87.644297045)"
TRUE,1914,19,46,3,08B,1169822,1932084,2016,05-11-2016 15:50,41.96914132,-87.65094465,"(41.969141315, -87.650944654)"
FALSE,234,2,4,41,6,1187633,1870769,2016,05-11-2016 15:50,41.80048316,-87.58741453,"(41.800483161, -87.587414531)"
FALSE,2515,25,29,19,14,1138788,1913480,2016,05-11-2016 15:50,41.91871165,-87.76551063,"(41.918711651, -87.76551063)"
FALSE,414,4,8,43,6,1189186,1852942,2016,05-11-2016 15:50,41.75152734,-87.58229024,"(41.751527336, -87.582290243)"
FALSE,2534,25,31,23,7,1147025,1910941,2016,05-11-2016 15:50,41.91159074,-87.73531182,"(41.911590736, -87.73531182)"
TRUE,711,7,3,68,08B,1174935,1867409,2016,05-11-2016 15:50,41.79155592,-87.63408195,"(41.791555921, -87.634081949)"
FALSE,111,1,42,32,08A,1176799,1901023,2016,05-11-2016 15:50,41.88375352,-87.62623239,"(41.883753521, -87.626232394)"
FALSE,511,5,6,49,3,1179264,1841740,2016,05-11-2016 15:50,41.72101961,-87.61899001,"(41.721019612, -87.618990007)"
FALSE,1513,15,29,25,26,1138058,1899436,2016,05-11-2016 15:50,41.88018642,-87.76853246,"(41.880186421, -87.768532463)"
FALSE,634,6,21,44,26,1177549,1847286,2016,05-11-2016 15:50,41.73627743,-87.62510451,"(41.736277427, -87.62510451)"
FALSE,1232,12,2,28,6,1168933,1898798,2016,05-11-2016 15:50,41.87782218,-87.65518141,"(41.877822179, -87.655181405)"
FALSE,634,6,21,44,11,1177549,1847286,2016,05-11-2016 15:50,41.73627743,-87.62510451,"(41.736277427, -87.62510451)"
FALSE,1834,18,42,8,6,1176740,1903915,2016,05-11-2016 15:50,41.89169066,-87.62636155,"(41.891690656, -87.626361552)"
FALSE,234,2,4,41,6,1187633,1870769,2016,05-11-2016 15:50,41.80048316,-87.58741453,"(41.800483161, -87.587414531)"
TRUE,1723,17,33,14,08B,1151534,1931180,2016,05-11-2016 15:50,41.96704069,-87.71821353,"(41.96704069, -87.718213531)"
TRUE,2512,25,36,18,26,1131156,1915217,2016,05-11-2016 15:50,41.92361344,-87.79351167,"(41.923613437, -87.793511665)"
FALSE,1833,18,42,8,6,1177330,1906499,2016,05-11-2016 15:50,41.89876792,-87.62411633,"(41.898767916, -87.624116333)"
FALSE,2535,25,27,23,04B,1151523,1907901,2016,05-11-2016 15:50,41.90316144,-87.71886746,"(41.903161441, -87.718867458)"
FALSE,823,8,15,66,3,1156358,1863347,2016,05-11-2016 15:50,41.78080364,-87.70230985,"(41.780803643, -87.702309848)"
FALSE,1121,11,27,23,18,1153127,1903782,2016,05-11-2016 15:50,41.89182683,-87.71308499,"(41.89182683, -87.713084988)"
FALSE,1812,18,43,7,20,1171945,1913722,2016,05-11-2016 15:50,41.91870866,-87.64368168,"(41.918708663, -87.643681684)"
FALSE,833,8,13,65,04B,1153292,1860602,2016,05-11-2016 15:50,41.77333213,-87.71362303,"(41.773332131, -87.713623033)"
FALSE,111,1,42,32,6,1177270,1901551,2016,05-11-2016 15:50,41.88519172,-87.62448685,"(41.885191719, -87.624486846)"
FALSE,2012,20,40,77,26,1164322,1937557,2016,05-11-2016 15:50,41.98427785,-87.67101243,"(41.984277849, -87.671012432)"
FALSE,2233,22,34,49,26,1172868,1834252,2016,05-11-2016 15:50,41.70061469,-87.64263712,"(41.700614688, -87.64263712)"
FALSE,1132,11,24,29,18,1150335,1894751,2016,05-11-2016 15:50,41.86709969,-87.72357447,"(41.867099694, -87.723574471)"
FALSE,1222,12,27,27,18,1156157,1901479,2016,05-11-2016 15:50,41.88544654,-87.70201933,"(41.885446536, -87.702019332)"
FALSE,1833,18,42,8,6,1177338,1906181,2016,05-11-2016 15:50,41.89789513,-87.62409661,"(41.897895128, -87.624096605)"
FALSE,1723,17,33,14,11,1152861,1931290,2016,05-11-2016 15:50,41.96731629,-87.71333137,"(41.96731629, -87.713331369)"
FALSE,712,7,16,68,19,1169299,1866781,2016,05-11-2016 15:50,41.78995655,-87.6547662,"(41.78995655, -87.654766198)"
FALSE,831,8,15,66,20,1159191,1860407,2016,05-11-2016 15:50,41.77267834,-87.69200383,"(41.772678343, -87.692003832)"
FALSE,713,7,16,67,15,1167719,1864018,2016,05-11-2016 15:50,41.78240862,-87.66063887,"(41.782408617, -87.660638872)"
TRUE,1014,10,24,29,04A,1151958,1892292,2016,05-11-2016 15:50,41.86032013,-87.71768091,"(41.860320126, -87.717680911)"
FALSE,1131,11,24,25,16,1145037,1895286,2016,05-11-2016 15:50,41.86866942,-87.74301085,"(41.86866942, -87.74301085)"
FALSE,2514,25,31,19,26,1138788,1918063,2016,05-11-2016 15:50,41.9312879,-87.76539911,"(41.931287903, -87.765399105)"
FALSE,2535,25,27,23,26,1151458,1907935,2016,05-11-2016 15:50,41.90325602,-87.71910532,"(41.903256018, -87.719105324)"
FALSE,2413,24,50,2,14,1160055,1942448,2016,05-11-2016 15:50,41.99778841,-87.68657001,"(41.997788407, -87.686570008)"
FALSE,1622,16,45,11,14,1137822,1931681,2016,05-11-2016 15:50,41.96867455,-87.7686193,"(41.968674545, -87.768619297)"
FALSE,1131,11,24,25,16,1145566,1895350,2016,05-11-2016 15:50,41.86883505,-87.74106713,"(41.868835045, -87.741067129)"
TRUE,1013,10,22,29,26,1149475,1888636,2016,05-11-2016 15:50,41.85033611,-87.72689024,"(41.850336107, -87.726890238)"
FALSE,1121,11,27,23,18,1152522,1906614,2016,05-11-2016 15:50,41.8996101,-87.71523197,"(41.899610095, -87.715231967)"
FALSE,1014,10,24,29,6,1152367,1889552,2016,05-11-2016 15:50,41.85279319,-87.71625185,"(41.852793186, -87.716251849)"
FALSE,211,2,2,35,08A,1178598,1881840,2016,05-11-2016 15:50,41.83107329,-87.62021144,"(41.831073285, -87.620211441)"
FALSE,132,1,2,33,6,1177456,1893414,2016,05-11-2016 15:50,41.8628591,-87.62405075,"(41.862859101, -87.624050746)"
FALSE,1124,11,28,27,08A,1155317,1898515,2016,05-11-2016 15:50,41.87732994,-87.70518365,"(41.87732994, -87.705183648)"
FALSE,412,4,8,45,26,1187009,1849211,2016,05-11-2016 15:50,41.74134098,-87.59038584,"(41.741340975, -87.590385844)"
FALSE,223,2,4,39,08A,1183005,1873052,2016,05-11-2016 15:50,41.80685685,-87.60431563,"(41.806856848, -87.604315633)"
FALSE,831,8,18,66,5,1159943,1857173,2016,05-11-2016 15:50,41.76378835,-87.68933595,"(41.763788354, -87.689335949)"
FALSE,1624,16,45,15,14,1143457,1928819,2016,05-11-2016 15:50,41.96071719,-87.74797123,"(41.960717194, -87.747971229)"
FALSE,234,2,4,41,11,1187329,1869893,2016,05-11-2016 15:50,41.79808659,-87.58855721,"(41.798086587, -87.588557213)"
FALSE,1031,10,22,30,11,1149862,1884010,2016,05-11-2016 15:50,41.83763426,-87.72559001,"(41.837634261, -87.725590012)"
FALSE,1532,15,28,25,26,1141629,1902341,2016,05-11-2016 15:50,41.88809286,-87.75534813,"(41.888092864, -87.755348129)"
FALSE,733,7,17,68,04B,1170255,1856066,2016,05-11-2016 15:50,41.76053253,-87.65157229,"(41.760532531, -87.65157229)"
FALSE,733,7,17,68,14,1170880,1857391,2016,05-11-2016 15:50,41.76415488,-87.64924303,"(41.764154883, -87.649243025)"
FALSE,733,7,17,68,14,1170880,1857391,2016,05-11-2016 15:50,41.76415488,-87.64924303,"(41.764154883, -87.649243025)"
FALSE,712,7,16,68,08B,1171348,1864563,2016,05-11-2016 15:50,41.78382548,-87.64731801,"(41.783825482, -87.647318006)"
FALSE,2221,22,21,71,08A,1167221,1845934,2016,05-11-2016 15:50,41.73279434,-87.66298132,"(41.732794335, -87.662981316)"
FALSE,722,7,20,68,14,1175585,1863128,2016,05-11-2016 15:50,41.77979388,-87.63182661,"(41.779793875, -87.631826613)"
FALSE,711,7,3,68,5,1172637,1865990,2016,05-11-2016 15:50,41.78771301,-87.64255004,"(41.787713011, -87.642550042)"
FALSE,313,3,20,42,3,1180114,1863999,2016,05-11-2016 15:50,41.7820814,-87.61519616,"(41.782081397, -87.615196155)"
FALSE,933,9,20,61,5,1166821,1872652,2016,05-11-2016 15:50,41.80612057,-87.66368462,"(41.806120574, -87.663684619)"
TRUE,412,4,8,45,08A,1187687,1848706,2016,05-11-2016 15:50,41.73993912,-87.58791775,"(41.739939115, -87.587917753)"
FALSE,1021,10,24,29,18,1153488,1893074,2016,05-11-2016 15:50,41.86243578,-87.71204386,"(41.862435779, -87.712043859)"
FALSE,433,4,10,52,15,1201545,1832356,2016,05-11-2016 15:50,41.69473282,-87.53769867,"(41.694732822, -87.537698668)"
TRUE,922,9,12,58,08B,1160761,1875242,2016,05-11-2016 15:50,41.81335527,-87.68583902,"(41.813355271, -87.685839017)"
FALSE,431,4,7,51,14,1191721,1841387,2016,05-11-2016 15:50,41.71975824,-87.57337473,"(41.719758242, -87.57337473)"
TRUE,925,9,11,61,08B,1173946,1876756,2016,05-11-2016 15:50,41.81722704,-87.6374309,"(41.817227035, -87.637430903)"
FALSE,2524,25,35,22,15,1151583,1917897,2016,05-11-2016 15:50,41.93059018,-87.71838378,"(41.930590184, -87.718383784)"
FALSE,1524,15,28,25,6,1141079,1904824,2016,05-11-2016 15:50,41.89491667,-87.75730673,"(41.894916666, -87.757306728)"
FALSE,2525,25,30,20,14,1149390,1913073,2016,05-11-2016 15:50,41.91739557,-87.72656807,"(41.91739557, -87.726568067)"
FALSE,633,6,6,44,26,1183159,1844621,2016,05-11-2016 15:50,41.72883584,-87.60463426,"(41.728835841, -87.604634255)"
FALSE,833,8,18,70,26,1151843,1853646,2016,05-11-2016 15:50,41.75427226,-87.71911687,"(41.754272259, -87.71911687)"
TRUE,624,6,6,69,08B,1180603,1853103,2016,05-11-2016 15:50,41.75217043,-87.61373758,"(41.75217043, -87.613737578)"
TRUE,1512,15,29,25,08B,1138135,1900519,2016,05-11-2016 15:50,41.88315693,-87.76822354,"(41.883156925, -87.768223537)"
FALSE,411,4,5,43,3,1186863,1854745,2016,05-11-2016 15:50,41.75653027,-87.59074578,"(41.75653027, -87.59074578)"
FALSE,1115,11,28,26,18,1148220,1899677,2016,05-11-2016 15:50,41.88065818,-87.73121214,"(41.880658176, -87.731212135)"
TRUE,431,4,10,51,08B,1197652,1838343,2016,05-11-2016 15:50,41.71125951,-87.55175283,"(41.711259514, -87.551752826)"
FALSE,2513,25,36,25,3,1127807,1911332,2016,05-11-2016 15:50,41.91300968,-87.8059052,"(41.913009681, -87.805905204)"
FALSE,1111,11,37,23,04B,1147993,1907665,2016,05-11-2016 15:50,41.90258249,-87.73184005,"(41.902582485, -87.731840051)"
TRUE,834,8,18,70,08B,1152229,1849265,2016,05-11-2016 15:50,41.74224248,-87.71781714,"(41.742242477, -87.717817136)"
FALSE,1522,15,29,25,08B,1141233,1899517,2016,05-11-2016 15:50,41.88035077,-87.75687206,"(41.880350767, -87.756872059)"
FALSE,1012,10,24,29,3,1149984,1891583,2016,05-11-2016 15:50,41.85841316,-87.72494547,"(41.858413159, -87.724945467)"
FALSE,1131,11,24,26,3,1146451,1897841,2016,05-11-2016 15:50,41.87565385,-87.7377546,"(41.875653849, -87.737754597)"
TRUE,1022,10,24,29,08A,1155617,1892683,2016,05-11-2016 15:50,41.86132029,-87.70423906,"(41.861320289, -87.704239058)"
FALSE,1214,12,27,24,6,1171436,1903879,2016,05-11-2016 15:50,41.89171014,-87.64584162,"(41.891710139, -87.645841619)"
FALSE,821,8,14,63,6,1155898,1870955,2016,05-11-2016 15:50,41.80169033,-87.70379207,"(41.80169033, -87.703792065)"
FALSE,523,5,9,53,7,1177986,1823398,2016,05-11-2016 15:50,41.67071554,-87.62422412,"(41.670715539, -87.624224123)"
FALSE,2533,25,31,23,3,1146787,1911143,2016,05-11-2016 15:50,41.9121496,-87.736181,"(41.912149595, -87.736181)"
FALSE,2515,25,37,19,08B,1140015,1914457,2016,05-11-2016 15:50,41.92137026,-87.76097849,"(41.921370264, -87.760978493)"
FALSE,221,2,4,39,5,1182957,1875015,2016,05-11-2016 15:50,41.81224459,-87.60443062,"(41.812244589, -87.604430616)"
TRUE,623,6,17,44,08A,1175666,1852216,2016,05-11-2016 15:50,41.74984828,-87.63185591,"(41.74984828, -87.631855905)"
FALSE,1932,19,32,7,14,1167169,1918281,2016,05-11-2016 15:50,41.93132286,-87.66109774,"(41.931322862, -87.661097743)"
FALSE,1614,16,41,76,26,1119317,1935168,2016,05-11-2016 15:50,41.97855782,-87.83658879,"(41.97855782, -87.836588785)"
FALSE,2234,22,34,75,14,1168418,1830098,2016,05-11-2016 15:50,41.68931221,-87.65905045,"(41.689312209, -87.659050452)"
TRUE,2511,25,36,17,08B,1127555,1919410,2016,05-11-2016 15:50,41.935181,-87.80664874,"(41.935181001, -87.806648735)"
FALSE,915,9,11,60,04B,1171122,1880764,2016,05-11-2016 15:50,41.82828767,-87.64767274,"(41.828287665, -87.647672735)"
FALSE,734,7,17,67,18,1168130,1857668,2016,05-11-2016 15:50,41.76497458,-87.65931449,"(41.764974581, -87.659314488)"
FALSE,623,6,17,69,6,1176766,1852607,2016,05-11-2016 15:50,41.75089655,-87.62781331,"(41.75089655, -87.627813307)"
FALSE,2223,22,21,71,08A,1173910,1847118,2016,05-11-2016 15:50,41.73589781,-87.63844147,"(41.735897814, -87.63844147)"
FALSE,1533,15,24,25,18,1144453,1897831,2016,05-11-2016 15:50,41.87566422,-87.74509084,"(41.875664218, -87.745090842)"
FALSE,1732,17,30,16,5,1149055,1924800,2016,05-11-2016 15:50,41.94958197,-87.72749441,"(41.94958197, -87.727494412)"
FALSE,1832,18,42,8,08B,1175007,1905244,2016,05-11-2016 15:50,41.89537651,-87.63268615,"(41.89537651, -87.632686147)"
FALSE,321,3,5,69,26,1185983,1860834,2016,05-11-2016 15:50,41.77325985,-87.59377891,"(41.773259845, -87.593778907)"
TRUE,2213,22,21,73,08B,1167948,1841504,2016,05-11-2016 15:50,41.72062218,-87.66044484,"(41.720622183, -87.660444842)"
FALSE,2514,25,30,19,08A,1137431,1918029,2016,05-11-2016 15:50,41.93121916,-87.77038673,"(41.931219161, -87.770386729)"
TRUE,2534,25,27,23,08B,1149180,1908031,2016,05-11-2016 15:50,41.90356391,-87.72747047,"(41.903563905, -87.727470467)"
TRUE,2431,24,49,1,08B,1164531,1945882,2016,05-11-2016 15:50,42.00711743,-87.67000658,"(42.00711743, -87.670006581)"
FALSE,912,9,11,59,15,1163913,1881812,2016,05-11-2016 15:50,41.83131833,-87.67409238,"(41.831318331, -87.674092378)"
FALSE,924,9,20,61,04A,1165767,1874646,2016,05-11-2016 15:50,41.81161481,-87.66749365,"(41.811614808, -87.667493653)"
FALSE,923,9,14,63,04B,1156166,1869314,2016,05-11-2016 15:50,41.79718181,-87.70285334,"(41.797181808, -87.70285334)"
FALSE,1423,14,26,24,14,1157471,1909355,2016,05-11-2016 15:50,41.90703235,-87.69697955,"(41.90703235, -87.696979547)"
FALSE,2411,24,50,2,15,1155472,1946276,2016,05-11-2016 15:50,42.00838635,-87.70332564,"(42.008386346, -87.703325641)"
FALSE,2533,25,37,25,18,1142426,1909763,2016,05-11-2016 15:50,41.90844492,-87.75223662,"(41.908444923, -87.752236623)"
FALSE,822,8,23,62,26,1150627,1868247,2016,05-11-2016 15:50,41.79436349,-87.72319356,"(41.794363486, -87.723193558)"
TRUE,834,8,18,70,08B,1149590,1847015,2016,05-11-2016 15:50,41.73611947,-87.72754459,"(41.736119465, -87.727544585)"
FALSE,414,4,8,43,04A,1189529,1854673,2016,05-11-2016 15:50,41.75626913,-87.58097786,"(41.756269132, -87.580977861)"
FALSE,934,9,20,61,3,1171009,1868996,2016,05-11-2016 15:50,41.79599755,-87.64843142,"(41.795997549, -87.648431423)"
FALSE,1024,10,22,30,13,1153995,1887844,2016,05-11-2016 15:50,41.84807397,-87.71032202,"(41.848073974, -87.710322018)"
FALSE,522,5,34,53,14,1177689,1827067,2016,05-11-2016 15:50,41.68079054,-87.62520076,"(41.680790541, -87.625200761)"
TRUE,231,2,20,40,08B,1178546,1868168,2016,05-11-2016 15:50,41.79355733,-87.62081814,"(41.793557331, -87.620818144)"
FALSE,911,9,12,58,15,1156290,1880469,2016,05-11-2016 15:50,41.8277901,-87.70209813,"(41.827790098, -87.702098134)"
FALSE,814,8,23,56,04A,1143785,1874172,2016,05-11-2016 15:50,41.81075315,-87.74813541,"(41.810753148, -87.748135411)"
FALSE,1834,18,42,8,11,1177058,1905098,2016,05-11-2016 15:50,41.89492967,-87.62515784,"(41.894929671, -87.625157838)"
TRUE,312,3,20,42,14,1181343,1862366,2016,05-11-2016 15:50,41.77757204,-87.61074067,"(41.777572035, -87.610740669)"
FALSE,523,5,34,53,3,1171952,1818852,2016,05-11-2016 15:50,41.65837467,-87.64644072,"(41.658374668, -87.646440719)"
FALSE,1723,17,39,14,08B,1150709,1930975,2016,05-11-2016 15:50,41.96649437,-87.72125236,"(41.966494369, -87.721252355)"
FALSE,1213,12,27,24,14,1166721,1906119,2016,05-11-2016 15:50,41.89795922,-87.66309332,"(41.897959218, -87.663093322)"
TRUE,1223,12,2,28,08A,1161290,1899496,2016,05-11-2016 15:50,41.87989984,-87.68322514,"(41.879899841, -87.683225139)"
FALSE,1511,15,29,25,04B,1137706,1906085,2016,05-11-2016 15:50,41.89843848,-87.76966461,"(41.89843848, -87.769664609)"
FALSE,1011,10,24,29,18,1151941,1892835,2016,05-11-2016 15:50,41.86181052,-87.71772902,"(41.861810516, -87.717729022)"
TRUE,1225,12,2,28,08B,1160870,1898642,2016,05-11-2016 15:50,41.87756511,-87.68479102,"(41.877565108, -87.68479102)"
FALSE,231,2,20,40,18,1179000,1867783,2016,05-11-2016 15:50,41.79249052,-87.61916511,"(41.792490517, -87.619165105)"
FALSE,1712,17,39,13,6,1148424,1934247,2016,05-11-2016 15:50,41.97551745,-87.72956922,"(41.97551745, -87.729569215)"
TRUE,533,5,9,54,14,1180161,1816531,2016,05-11-2016 15:50,41.65182203,-87.61647285,"(41.651822034, -87.616472854)"
FALSE,831,8,18,66,18,1157289,1856560,2016,05-11-2016 15:50,41.7621603,-87.69908009,"(41.762160302, -87.699080094)"
FALSE,231,2,3,40,04B,1179114,1871273,2016,05-11-2016 15:50,41.8020648,-87.61864069,"(41.802064797, -87.618640688)"
FALSE,914,9,11,60,6,1173452,1884837,2016,05-11-2016 15:50,41.83941298,-87.63900344,"(41.83941298, -87.63900344)"
FALSE,723,7,20,68,24,1173163,1861518,2016,05-11-2016 15:50,41.77542973,-87.64075349,"(41.775429728, -87.640753492)"
FALSE,523,5,9,53,08B,1178535,1822007,2016,05-11-2016 15:50,41.66688601,-87.62225684,"(41.666886005, -87.622256838)"
FALSE,925,9,3,37,26,1174728,1877108,2016,05-11-2016 15:50,41.81817554,-87.63455183,"(41.81817554, -87.634551829)"
TRUE,533,5,9,54,04B,1179495,1816669,2016,05-11-2016 15:50,41.6522159,-87.61890546,"(41.652215901, -87.618905456)"
FALSE,2412,24,50,2,08B,1157455,1943921,2016,05-11-2016 15:50,42.00188387,-87.69609416,"(42.001883866, -87.696094161)"
FALSE,511,5,9,49,08B,1177402,1837149,2016,05-11-2016 15:50,41.70846348,-87.62594823,"(41.708463482, -87.625948233)"
FALSE,832,8,18,66,11,,,2016,05-11-2016 15:50,,,
FALSE,124,1,2,28,6,1172494,1895209,2016,05-11-2016 15:50,41.86789576,-87.64221251,"(41.86789576, -87.642212505)"
TRUE,1012,10,24,29,08A,1149193,1891729,2016,05-11-2016 15:50,41.85882915,-87.72784519,"(41.858829145, -87.727845189)"
FALSE,1133,11,24,27,18,1151705,1897101,2016,05-11-2016 15:50,41.87352154,-87.71848318,"(41.873521544, -87.718483183)"
FALSE,1814,18,43,7,14,1174732,1912103,2016,05-11-2016 15:50,41.9142041,-87.63349062,"(41.914204099, -87.633490624)"
TRUE,533,5,9,54,08B,1182589,1817567,2016,05-11-2016 15:50,41.65460923,-87.6075573,"(41.654609229, -87.607557296)"
FALSE,2525,25,26,22,18,1150383,1913315,2016,05-11-2016 15:50,41.9180403,-87.72291341,"(41.918040303, -87.72291341)"
FALSE,1432,14,32,22,6,1162698,1913682,2016,05-11-2016 15:50,41.91879793,-87.67765705,"(41.918797929, -87.677657048)"
FALSE,2524,25,30,22,18,1149288,1916678,2016,05-11-2016 15:50,41.92729,-87.72684915,"(41.92729, -87.726849146)"
FALSE,2533,25,31,23,6,1146787,1911143,2016,05-11-2016 15:50,41.9121496,-87.736181,"(41.912149595, -87.736181)"
FALSE,1935,19,43,7,6,1171720,1918860,2016,05-11-2016 15:50,41.93281253,-87.64435667,"(41.932812529, -87.644356668)"
TRUE,1122,11,28,26,08B,1150189,1899047,2016,05-11-2016 15:50,41.87889125,-87.7239985,"(41.878891251, -87.723998503)"
FALSE,1614,16,41,76,6,1119317,1935156,2016,05-11-2016 15:50,41.97852489,-87.83658904,"(41.97852489, -87.836589041)"
FALSE,1213,12,27,24,14,1166910,1905627,2016,05-11-2016 15:50,41.89660508,-87.66241328,"(41.896605083, -87.662413277)"
TRUE,2223,22,21,73,26,1171739,1841825,2016,05-11-2016 15:50,41.7214209,-87.64654992,"(41.721420903, -87.646549924)"
FALSE,911,9,12,58,14,1157431,1879295,2016,05-11-2016 15:50,41.82454542,-87.69794377,"(41.824545416, -87.697943772)"
FALSE,921,9,14,58,04B,1155646,1878336,2016,05-11-2016 15:50,41.82194984,-87.70451819,"(41.821949836, -87.704518186)"
FALSE,1021,10,24,29,24,1152974,1891591,2016,05-11-2016 15:50,41.85837645,-87.71396997,"(41.858376449, -87.713969969)"
FALSE,612,6,17,71,6,1170884,1853765,2016,05-11-2016 15:50,41.75420459,-87.64933404,"(41.754204588, -87.649334036)"
FALSE,726,7,15,67,11,1164173,1860600,2016,05-11-2016 15:50,41.77310456,-87.67373566,"(41.773104562, -87.673735664)"
FALSE,1821,18,27,8,14,1172247,1908615,2016,05-11-2016 15:50,41.90468813,-87.6427232,"(41.904688125, -87.642723198)"
TRUE,611,6,21,71,08B,1165728,1852086,2016,05-11-2016 15:50,41.74970811,-87.6682767,"(41.749708107, -87.668276698)"
FALSE,623,6,6,69,3,1178936,1853681,2016,05-11-2016 15:50,41.75379463,-87.61982879,"(41.753794625, -87.619828786)"
TRUE,2221,22,21,73,08A,1167660,1842079,2016,05-11-2016 15:50,41.72220624,-87.66148328,"(41.722206243, -87.661483284)"
TRUE,421,4,7,43,08B,1197744,1854151,2016,05-11-2016 15:50,41.75463564,-87.55088962,"(41.754635641, -87.55088962)"
TRUE,421,4,7,43,08B,1196696,1854160,2016,05-11-2016 15:50,41.75468643,-87.55472984,"(41.754686428, -87.554729841)"
FALSE,1122,11,28,26,3,1149731,1899625,2016,05-11-2016 15:50,41.88048626,-87.72566518,"(41.880486258, -87.725665179)"
FALSE,735,7,17,67,5,1165916,1857311,2016,05-11-2016 15:50,41.76404225,-87.66743959,"(41.764042245, -87.667439585)"
TRUE,813,8,13,65,08B,1149388,1864815,2016,05-11-2016 15:50,41.78496959,-87.72782562,"(41.784969585, -87.727825624)"
FALSE,323,3,6,69,7,1181657,1856086,2016,05-11-2016 15:50,41.76033184,-87.60978323,"(41.760331842, -87.609783231)"
FALSE,1813,18,43,7,2,1170650,1913120,2016,05-11-2016 15:50,41.91708522,-87.64845726,"(41.917085222, -87.648457263)"
TRUE,124,1,2,28,26,1173362,1893147,2016,05-11-2016 15:50,41.86221827,-87.63908716,"(41.862218265, -87.639087164)"
FALSE,2431,24,49,1,5,1166976,1945476,2016,05-11-2016 15:50,42.00595102,-87.66102276,"(42.005951024, -87.661022762)"
FALSE,1421,14,1,24,6,1157168,1910953,2016,05-11-2016 15:50,41.91142356,-87.69804912,"(41.911423557, -87.698049121)"
FALSE,823,8,15,66,5,1155647,1863990,2016,05-11-2016 15:50,41.78258242,-87.70489931,"(41.782582418, -87.704899306)"
FALSE,1935,19,43,7,6,1169502,1917736,2016,05-11-2016 15:50,41.92977684,-87.65254035,"(41.929776841, -87.652540347)"
FALSE,821,8,14,58,5,1154903,1874774,2016,05-11-2016 15:50,41.81219013,-87.70733913,"(41.812190128, -87.707339133)"
FALSE,833,8,13,65,14,1146002,1859606,2016,05-11-2016 15:50,41.77073998,-87.74037204,"(41.770739979, -87.740372036)"
FALSE,923,9,14,63,6,1156247,1870407,2016,05-11-2016 15:50,41.80017952,-87.70252689,"(41.800179521, -87.702526886)"
FALSE,1223,12,2,28,6,1162135,1900665,2016,05-11-2016 15:50,41.88309007,-87.68008974,"(41.883090072, -87.680089738)"
FALSE,833,8,13,65,26,1149062,1859830,2016,05-11-2016 15:50,41.77129623,-87.72914931,"(41.771296232, -87.729149311)"
FALSE,511,5,6,49,6,1180330,1839281,2016,05-11-2016 15:50,41.71424746,-87.61516064,"(41.714247463, -87.615160636)"
FALSE,211,2,4,35,6,1179519,1883862,2016,05-11-2016 15:50,41.83660077,-87.61677038,"(41.836600771, -87.61677038)"
FALSE,2413,24,50,2,6,1158564,1940048,2016,05-11-2016 15:50,41.99123349,-87.69212098,"(41.991233486, -87.692120975)"
FALSE,1822,18,32,8,14,1169499,1910260,2016,05-11-2016 15:50,41.90926237,-87.65276939,"(41.909262367, -87.652769388)"
FALSE,132,1,2,33,6,1178880,1889112,2016,05-11-2016 15:50,41.85102174,-87.61895485,"(41.85102174, -87.618954852)"
FALSE,213,2,3,38,11,1179100,1878253,2016,05-11-2016 15:50,41.82121883,-87.6184791,"(41.821218828, -87.618479096)"
FALSE,1634,16,45,15,14,1141412,1925107,2016,05-11-2016 15:50,41.95056922,-87.75558179,"(41.950569221, -87.755581789)"
FALSE,331,3,5,43,6,1191393,1859954,2016,05-11-2016 15:50,41.77071568,-87.57397595,"(41.770715684, -87.573975953)"
TRUE,622,6,21,71,26,1173813,1847596,2016,05-11-2016 15:50,41.73721166,-87.63878271,"(41.737211658, -87.638782709)"
FALSE,2513,25,29,25,5,1135937,1910012,2016,05-11-2016 15:50,41.90924637,-87.77606844,"(41.909246366, -87.776068435)"
TRUE,2013,20,48,77,26,1165032,1938942,2016,05-11-2016 15:50,41.98806324,-87.66836161,"(41.988063235, -87.668361609)"
FALSE,1424,14,1,24,7,1160628,1909920,2016,05-11-2016 15:50,41.9085179,-87.68536686,"(41.9085179, -87.685366857)"
FALSE,1634,16,38,15,7,1143428,1923829,2016,05-11-2016 15:50,41.94702474,-87.74820311,"(41.947024743, -87.748203108)"
FALSE,1434,14,32,22,6,1162393,1913013,2016,05-11-2016 15:50,41.91696854,-87.67879641,"(41.916968541, -87.678796407)"
TRUE,1733,17,33,16,04A,1155038,1925290,2016,05-11-2016 15:50,41.95080841,-87.70548839,"(41.950808405, -87.705488391)"
FALSE,825,8,15,66,14,1161460,1862589,2016,05-11-2016 15:50,41.77861932,-87.68362582,"(41.778619322, -87.683625816)"
FALSE,1011,10,24,29,14,1150574,1894165,2016,05-11-2016 15:50,41.86548698,-87.72271237,"(41.86548698, -87.722712365)"
FALSE,1712,17,39,14,14,1148496,1932671,2016,05-11-2016 15:50,41.97119141,-87.7293453,"(41.971191406, -87.729345303)"
FALSE,1511,15,29,25,14,1138185,1905741,2016,05-11-2016 15:50,41.89748585,-87.76791357,"(41.897485852, -87.767913574)"
FALSE,832,8,15,66,6,1160889,1859179,2016,05-11-2016 15:50,41.76927362,-87.68581328,"(41.769273621, -87.685813278)"
FALSE,2413,24,50,2,14,1162873,1941649,2016,05-11-2016 15:50,41.99553705,-87.67622617,"(41.995537053, -87.676226168)"
FALSE,132,1,2,33,6,1178172,1894355,2016,05-11-2016 15:50,41.865425,-87.62139377,"(41.865425001, -87.621393773)"
FALSE,832,8,15,66,08B,1162216,1860600,2016,05-11-2016 15:50,41.77314553,-87.68090958,"(41.773145525, -87.680909575)"
TRUE,1824,18,42,8,6,1175334,1907851,2016,05-11-2016 15:50,41.90252292,-87.63140683,"(41.902522915, -87.63140683)"
FALSE,1424,14,1,24,14,1162172,1908426,2016,05-11-2016 15:50,41.90438611,-87.67973678,"(41.904386107, -87.679736779)"
FALSE,1533,15,28,25,7,1143679,1898882,2016,05-11-2016 15:50,41.87856281,-87.74790639,"(41.878562813, -87.747906394)"
FALSE,1423,14,26,24,6,1159179,1908133,2016,05-11-2016 15:50,41.90364414,-87.69073896,"(41.903644142, -87.690738955)"
FALSE,1111,11,37,23,6,1146592,1905629,2016,05-11-2016 15:50,41.89702232,-87.73703819,"(41.897022323, -87.737038193)"
FALSE,321,3,20,42,7,1184346,1861859,2016,05-11-2016 15:50,41.77611101,-87.59974763,"(41.77611101, -87.599747632)"
FALSE,726,7,15,67,14,1164827,1860710,2016,05-11-2016 15:50,41.77339263,-87.67133515,"(41.773392627, -87.671335151)"
FALSE,225,2,3,40,08A,1177170,1870046,2016,05-11-2016 15:50,41.79874193,-87.62580711,"(41.798741929, -87.62580711)"
FALSE,1712,17,39,14,14,1146764,1931552,2016,05-11-2016 15:50,41.96815412,-87.73574282,"(41.968154118, -87.735742817)"
FALSE,825,8,15,66,6,1162510,1861970,2016,05-11-2016 15:50,41.77689887,-87.67979367,"(41.776898868, -87.679793673)"
FALSE,1833,18,42,8,14,1177216,1907241,2016,05-11-2016 15:50,41.90080658,-87.62451253,"(41.900806583, -87.624512527)"
FALSE,1034,10,25,31,6,1161794,1888042,2016,05-11-2016 15:50,41.84845848,-87.68169375,"(41.84845848, -87.681693754)"
FALSE,722,7,20,68,6,1175510,1863188,2016,05-11-2016 15:50,41.7799602,-87.63209978,"(41.779960201, -87.632099778)"
FALSE,814,8,23,56,6,1143560,1870173,2016,05-11-2016 15:50,41.79978346,-87.74906042,"(41.799783459, -87.749060415)"
FALSE,1712,17,39,14,26,1151160,1932648,2016,05-11-2016 15:50,41.97107634,-87.71955002,"(41.971076338, -87.71955002)"
FALSE,723,7,16,68,26,1171414,1862128,2016,05-12-2016 15:48,41.77714211,-87.64714727,"(41.777142114, -87.647147267)"
FALSE,1121,11,26,23,04A,1154100,1907414,2016,05-11-2016 15:50,41.90177403,-87.70941457,"(41.901774026, -87.709414574)"
TRUE,714,7,15,67,08B,1164725,1864524,2016,05-11-2016 15:50,41.7838609,-87.67160147,"(41.783860897, -87.671601472)"
FALSE,2232,22,34,73,14,1171751,1838335,2016,05-11-2016 15:50,41.71184357,-87.64660793,"(41.711843569, -87.646607932)"
FALSE,935,9,3,37,7,1175139,1868487,2016,05-11-2016 15:50,41.79450951,-87.63330174,"(41.794509508, -87.633301738)"
FALSE,613,6,21,71,08A,1170069,1850820,2016,05-11-2016 15:50,41.74614086,-87.65240616,"(41.746140855, -87.652406156)"
TRUE,331,3,5,43,6,1191374,1860646,2016,05-11-2016 15:50,41.77261505,-87.5740232,"(41.772615046, -87.574023204)"
FALSE,511,5,9,49,6,1176094,1837099,2016,05-11-2016 15:50,41.70835566,-87.6307397,"(41.70835566, -87.630739698)"
FALSE,235,2,5,41,08B,1185626,1867862,2016,05-11-2016 15:50,41.79255369,-87.59486631,"(41.792553685, -87.594866308)"
FALSE,813,8,13,65,5,1147779,1862826,2016,05-11-2016 15:50,41.77954239,-87.73377584,"(41.779542388, -87.733775843)"
FALSE,1622,16,45,11,6,1134111,1933765,2016,05-11-2016 15:50,41.97445955,-87.78221545,"(41.974459549, -87.782215451)"
FALSE,532,5,9,53,14,1179367,1825760,2016,05-11-2016 15:50,41.67716593,-87.61909813,"(41.677165928, -87.619098133)"
FALSE,1933,19,44,6,6,1168437,1919884,2016,05-11-2016 15:50,41.9356942,-87.65639159,"(41.935694195, -87.656391587)"
FALSE,1432,14,1,22,14,1160258,1915892,2016,05-11-2016 15:50,41.92491317,-87.68656061,"(41.924913167, -87.68656061)"
FALSE,1413,14,26,22,17,1152551,1915732,2016,05-11-2016 15:50,41.92463014,-87.71488396,"(41.924630138, -87.714883963)"
FALSE,1822,18,32,8,6,1169206,1910721,2016,05-11-2016 15:50,41.91053375,-87.65383232,"(41.910533752, -87.653832316)"
FALSE,1812,18,43,7,6,1172551,1915378,2016,05-11-2016 15:50,41.92323941,-87.64140611,"(41.923239408, -87.64140611)"
FALSE,1422,14,35,22,6,1153085,1912412,2016,05-11-2016 15:50,41.91550919,-87.71301005,"(41.915509189, -87.713010048)"
FALSE,1222,12,27,24,6,1160355,1902113,2016,05-11-2016 15:50,41.88710051,-87.68658592,"(41.887100506, -87.68658592)"
FALSE,2515,25,37,19,08B,1140886,1914122,2016,05-11-2016 15:50,41.92043499,-87.75778644,"(41.920434991, -87.757786441)"
FALSE,831,8,15,66,6,1156513,1861089,2016,05-11-2016 15:50,41.77460423,-87.70180238,"(41.774604234, -87.701802378)"
FALSE,922,9,12,58,7,1158817,1873729,2016,05-11-2016 15:50,41.80924338,-87.6930111,"(41.80924338, -87.693011101)"
FALSE,1413,14,26,22,11,1153224,1915747,2016,05-11-2016 15:50,41.92465795,-87.71241066,"(41.924657953, -87.712410656)"
TRUE,1222,12,2,27,26,1158616,1900250,2016,05-11-2016 15:50,41.88202405,-87.69302308,"(41.882024051, -87.693023076)"
FALSE,1232,12,2,28,6,1169576,1899741,2016,05-11-2016 15:50,41.88039587,-87.65279303,"(41.880395873, -87.652793028)"
FALSE,1925,19,46,6,11,1172010,1924422,2016,05-11-2016 15:50,41.94806847,-87.64312638,"(41.948068465, -87.643126381)"
TRUE,531,5,9,49,08B,1179549,1831239,2016,05-11-2016 15:50,41.69219696,-87.61826551,"(41.692196959, -87.618265505)"
FALSE,1633,16,38,15,14,1136104,1924985,2016,05-11-2016 15:50,41.95033097,-87.77509682,"(41.95033097, -87.77509682)"
FALSE,725,7,17,67,6,1167150,1860706,2016,05-11-2016 15:50,41.77333227,-87.66281967,"(41.773332267, -87.662819668)"
FALSE,2533,25,37,25,2,1142108,1909054,2016,05-11-2016 15:50,41.90650525,-87.75342242,"(41.906505253, -87.753422421)"
FALSE,1834,18,42,8,14,1180012,1903585,2016,05-11-2016 15:50,41.89071052,-87.61435531,"(41.890710515, -87.614355305)"
FALSE,414,4,7,43,26,1193513,1855383,2016,05-11-2016 15:50,41.75812089,-87.5663544,"(41.758120892, -87.566354398)"
FALSE,1912,19,47,5,14,1162797,1929238,2016,05-11-2016 15:50,41.9614824,-87.67685562,"(41.961482397, -87.676855619)"
FALSE,1824,18,43,8,26,1176971,1909167,2016,05-11-2016 15:50,41.90609717,-87.62535403,"(41.906097165, -87.625354033)"
FALSE,1931,19,32,6,11,1164241,1919965,2016,05-11-2016 15:50,41.93600635,-87.67180983,"(41.936006345, -87.671809828)"
FALSE,421,4,7,43,6,1194547,1853577,2016,05-11-2016 15:50,41.75313973,-87.56262426,"(41.75313973, -87.562624263)"
FALSE,825,8,15,66,6,1158802,1862510,2016,05-11-2016 15:50,41.77845723,-87.69337244,"(41.77845723, -87.693372444)"
TRUE,1031,10,22,30,26,1148483,1886023,2016,05-11-2016 15:50,41.84318486,-87.7305984,"(41.843184863, -87.730598396)"
FALSE,1412,14,35,21,6,1154185,1920097,2016,05-11-2016 15:50,41.93657554,-87.70876307,"(41.936575544, -87.708763071)"
FALSE,2223,22,21,73,20,1172949,1842971,2016,05-11-2016 15:50,41.72453911,-87.64208423,"(41.724539114, -87.642084226)"
TRUE,2212,22,19,75,2,1164316,1832886,2016,05-11-2016 15:50,41.69705009,-87.67398975,"(41.697050093, -87.673989752)"
FALSE,1731,17,30,16,26,1147962,1923076,2016,05-11-2016 15:50,41.9448723,-87.73155666,"(41.944872304, -87.731556663)"
FALSE,1412,14,35,22,6,1153630,1917338,2016,05-11-2016 15:50,41.92901571,-87.71087639,"(41.929015709, -87.710876389)"
FALSE,524,5,34,53,11,1171414,1827681,2016,05-11-2016 15:50,41.68261469,-87.64815251,"(41.682614691, -87.648152509)"
FALSE,1412,14,35,22,6,1154028,1917345,2016,05-11-2016 15:50,41.92902698,-87.70941367,"(41.92902698, -87.70941367)"
TRUE,2423,24,49,1,08B,1164769,1949132,2016,05-11-2016 15:50,42.01603043,-87.66903815,"(42.016030425, -87.66903815)"
FALSE,1724,17,33,16,08B,1156327,1926755,2016,05-11-2016 15:50,41.95480245,-87.70071034,"(41.954802449, -87.70071034)"
FALSE,1931,19,32,5,7,1162191,1920580,2016,05-11-2016 15:50,41.9377371,-87.6793265,"(41.937737102, -87.679326503)"
FALSE,631,6,6,44,6,1182113,1851442,2016,05-11-2016 15:50,41.74757768,-87.60825544,"(41.747577677, -87.608255439)"
FALSE,2024,20,46,3,3,1168355,1933247,2016,05-11-2016 15:50,41.97236456,-87.65630497,"(41.972364558, -87.656304974)"
FALSE,1232,12,2,28,11,1168933,1898798,2016,05-11-2016 15:50,41.87782218,-87.65518141,"(41.877822179, -87.655181405)"
FALSE,212,2,4,36,11,1181071,1879249,2016,05-11-2016 15:50,41.8239067,-87.61121785,"(41.8239067, -87.611217849)"
FALSE,726,7,15,67,11,1164173,1860600,2016,05-11-2016 15:50,41.77310456,-87.67373566,"(41.773104562, -87.673735664)"
FALSE,2012,20,40,77,6,1164423,1936262,2016,05-11-2016 15:50,41.98072218,-87.67067782,"(41.980722183, -87.670677817)"
TRUE,913,9,11,60,08B,1169496,1883814,2016,05-11-2016 15:50,41.83669261,-87.65354981,"(41.836692612, -87.653549807)"
FALSE,1133,11,24,26,11,,,2016,05-11-2016 15:50,,,
FALSE,1922,19,32,6,6,,,2016,05-11-2016 15:50,,,
FALSE,421,4,7,43,11,,,2016,05-11-2016 15:50,,,
FALSE,132,1,2,33,6,,,2016,05-11-2016 15:50,,,
FALSE,832,8,15,66,14,,,2016,05-11-2016 15:50,,,
FALSE,2233,22,34,49,11,,,2016,05-11-2016 15:50,,,
FALSE,2012,20,40,77,11,,,2016,05-11-2016 15:50,,,
FALSE,414,4,8,46,11,,,2016,05-11-2016 15:50,,,
FALSE,211,2,4,35,20,,,2016,05-11-2016 15:50,,,
FALSE,1931,19,32,6,26,,,2016,05-11-2016 15:50,,,
FALSE,131,1,2,33,11,,,2016,05-11-2016 15:50,,,
TRUE,1633,16,38,15,08B,,,2016,05-11-2016 15:50,,,
FALSE,813,8,13,65,11,,,2014,05-11-2016 15:50,,,
FALSE,434,4,10,51,11,,,2016,05-11-2016 15:50,,,
FALSE,1422,14,26,23,11,,,2014,05-11-2016 15:50,,,
FALSE,723,7,6,68,6,,,2016,05-11-2016 15:50,,,
FALSE,2423,24,49,1,26,,,2016,05-11-2016 15:50,,,
FALSE,1935,19,43,7,26,,,2016,05-11-2016 15:50,,,
TRUE,1733,17,33,16,20,,,2016,05-11-2016 15:50,,,
FALSE,912,9,11,59,2,,,2013,05-11-2016 15:50,,,
FALSE,711,7,3,68,2,,,2016,05-11-2016 15:50,,,
FALSE,214,2,4,38,01A,1181350,1877623,2016,05-11-2016 15:50,41.8194384,-87.61024451,"(41.819438395, -87.610244508)"
FALSE,1235,12,25,31,01A,1171236,1891624,2016,05-11-2016 15:50,41.85808595,-87.64693604,"(41.858085945, -87.646936043)"
FALSE,411,4,5,45,01A,1186357,1854748,2016,05-11-2016 15:50,41.75655047,-87.59260005,"(41.756550472, -87.592600053)"
FALSE,1622,16,45,11,18,1135867,1934466,2015,05-12-2016 15:48,41.97635197,-87.77574123,"(41.976351974, -87.775741229)"
FALSE,313,3,20,42,18,1181623,1864501,2015,05-12-2016 15:48,41.78342422,-87.60964833,"(41.783424215, -87.609648327)"
FALSE,1135,11,2,27,18,1156974,1896894,2015,05-12-2016 15:48,41.87284832,-87.69914356,"(41.872848316, -87.69914356)"
FALSE,1524,15,37,25,18,1139924,1905802,2015,05-12-2016 15:48,41.89762162,-87.76152485,"(41.897621617, -87.761524853)"
FALSE,831,8,15,66,18,1159517,1860604,2015,05-12-2016 15:48,41.77321226,-87.6908034,"(41.773212262, -87.690803401)"
TRUE,911,9,12,58,08B,1156120,1878918,2016,05-12-2016 15:50,41.82353739,-87.70276361,"(41.823537386, -87.702763613)"
FALSE,1134,11,24,29,18,1154228,1895173,2015,05-12-2016 15:48,41.86818094,-87.70927139,"(41.868180939, -87.709271389)"
FALSE,1654,16,41,76,18,1100088,1926079,2015,05-12-2016 15:48,41.95390047,-87.9074726,"(41.953900467, -87.907472601)"
FALSE,533,5,9,54,14,1180161,1816531,2016,05-12-2016 15:50,41.65182203,-87.61647285,"(41.651822034, -87.616472854)"
FALSE,1134,11,24,29,18,1154228,1895173,2015,05-12-2016 15:48,41.86818094,-87.70927139,"(41.868180939, -87.709271389)"
FALSE,1134,11,24,29,18,1154228,1895173,2015,05-12-2016 15:48,41.86818094,-87.70927139,"(41.868180939, -87.709271389)"
FALSE,411,4,5,43,18,1188123,1855151,2015,05-12-2016 15:48,41.75761443,-87.58611527,"(41.757614433, -87.586115266)"
FALSE,631,6,8,44,18,1183977,1851310,2016,05-12-2016 15:50,41.74717215,-87.60142938,"(41.747172149, -87.601429376)"
FALSE,1134,11,24,29,18,1154228,1895173,2015,05-12-2016 15:48,41.86818094,-87.70927139,"(41.868180939, -87.709271389)"
FALSE,1134,11,24,29,18,1154228,1895173,2015,05-12-2016 15:48,41.86818094,-87.70927139,"(41.868180939, -87.709271389)"
FALSE,1132,11,24,26,18,1148838,1896308,2015,05-12-2016 15:48,41.87140133,-87.72902997,"(41.871401333, -87.729029971)"
FALSE,1532,15,28,25,18,1142599,1903190,2015,05-12-2016 15:48,41.89040464,-87.75176478,"(41.890404638, -87.751764782)"
FALSE,1021,10,24,29,18,1153916,1893520,2015,05-12-2016 15:48,41.86365114,-87.71046084,"(41.863651143, -87.71046084)"
FALSE,725,7,17,67,18,1167978,1860982,2015,05-12-2016 15:48,41.77407189,-87.65977649,"(41.774071891, -87.659776488)"
FALSE,2533,25,37,25,18,1142681,1907524,2015,05-12-2016 15:48,41.90229611,-87.75135567,"(41.902296112, -87.75135567)"
FALSE,1821,18,27,8,18,1173067,1909543,2015,05-12-2016 15:48,41.90721645,-87.63968356,"(41.907216451, -87.639683562)"
FALSE,411,4,5,43,18,1187947,1854903,2015,05-12-2016 15:48,41.75693809,-87.58676816,"(41.756938091, -87.586768161)"
FALSE,823,8,16,66,14,1156533,1864678,2016,05-12-2016 15:50,41.78445257,-87.70163241,"(41.784452574, -87.70163241)"
FALSE,632,6,6,44,18,1178069,1847315,2015,05-12-2016 15:48,41.73634525,-87.62319855,"(41.736345248, -87.623198545)"
FALSE,2232,22,34,73,08B,1173391,1838952,2016,05-12-2016 15:50,41.71350066,-87.64058365,"(41.713500657, -87.640583647)"
FALSE,1023,10,28,29,18,1158231,1894123,2015,05-12-2016 15:48,41.86521884,-87.69460422,"(41.865218836, -87.694604216)"
FALSE,2532,25,37,25,18,1140785,1908250,2015,05-12-2016 15:48,41.90432343,-87.75830219,"(41.904323426, -87.758302186)"
FALSE,1731,17,30,16,18,1149094,1923450,2015,05-12-2016 15:48,41.94587671,-87.72738614,"(41.945876706, -87.727386135)"
FALSE,411,4,5,43,18,1187741,1854562,2015,05-12-2016 15:48,41.75600726,-87.58753394,"(41.756007259, -87.587533939)"
FALSE,734,7,17,67,18,1166924,1857157,2015,05-12-2016 15:48,41.76359818,-87.66374941,"(41.763598176, -87.663749413)"
FALSE,413,4,8,48,18,1191398,1846199,2015,05-12-2016 15:48,41.73297066,-87.57440238,"(41.732970661, -87.574402377)"
FALSE,2534,25,27,23,18,1149132,1908029,2015,05-12-2016 15:48,41.90355935,-87.72764684,"(41.903559347, -87.727646835)"
FALSE,714,7,15,67,18,1165811,1865570,2015,05-12-2016 15:48,41.78670825,-87.6675901,"(41.786708249, -87.667590095)"
FALSE,1124,11,2,27,18,1156694,1899504,2015,05-12-2016 15:48,41.88001609,-87.70010088,"(41.880016088, -87.700100876)"
FALSE,124,1,2,28,18,1173315,1894646,2015,05-12-2016 15:48,41.86633267,-87.6392152,"(41.866332671, -87.639215203)"
FALSE,1222,12,27,27,18,1157938,1901069,2015,05-12-2016 15:48,41.88428532,-87.69549034,"(41.884285318, -87.69549034)"
FALSE,1122,11,27,23,18,1149977,1902745,2015,05-12-2016 15:48,41.88904309,-87.72468063,"(41.889043093, -87.724680629)"
FALSE,412,4,8,46,18,1192297,1850172,2015,05-12-2016 15:48,41.74385113,-87.57098005,"(41.743851132, -87.570980047)"
FALSE,1134,11,24,27,18,1155629,1896533,2015,05-12-2016 15:48,41.87188486,-87.70409142,"(41.871884857, -87.704091417)"
FALSE,1133,11,24,29,18,1152552,1894686,2015,05-12-2016 15:48,41.86687783,-87.71543722,"(41.866877826, -87.715437223)"
FALSE,334,3,7,43,18,1193762,1857383,2015,05-12-2016 15:48,41.76360295,-87.56537642,"(41.763602949, -87.565376421)"
FALSE,1134,11,24,29,18,1154228,1895173,2015,05-12-2016 15:48,41.86818094,-87.70927139,"(41.868180939, -87.709271389)"
FALSE,1651,16,41,76,18,1100658,1934241,2015,05-12-2016 15:48,41.97629041,-87.90522722,"(41.976290414, -87.905227221)"
FALSE,1651,16,41,76,18,1100658,1934241,2015,05-12-2016 15:48,41.97629041,-87.90522722,"(41.976290414, -87.905227221)"
FALSE,1831,18,42,8,18,1175195,1904167,2015,05-12-2016 15:48,41.89241695,-87.63202801,"(41.892416949, -87.632028008)"
FALSE,2515,25,30,19,18,1138815,1916069,2015,05-12-2016 15:48,41.92581566,-87.76534842,"(41.925815662, -87.765348424)"
FALSE,733,7,17,68,18,1169867,1858174,2015,05-12-2016 15:48,41.76632558,-87.65293321,"(41.766325582, -87.652933212)"
FALSE,1121,11,27,23,18,1152893,1905414,2015,05-12-2016 15:48,41.89630984,-87.7139011,"(41.896309837, -87.713901099)"
FALSE,713,7,15,67,18,1167059,1864042,2015,05-12-2016 15:48,41.78248862,-87.66305794,"(41.78248862, -87.663057935)"
FALSE,1123,11,28,27,18,1153447,1901182,2015,05-12-2016 15:48,41.88468582,-87.71197891,"(41.884685815, -87.711978907)"
FALSE,1115,11,28,26,18,1148739,1899012,2015,05-12-2016 15:48,41.87882333,-87.72932358,"(41.878823333, -87.72932358)"
FALSE,1132,11,24,26,18,1149559,1897718,2015,05-12-2016 15:48,41.87525658,-87.72634627,"(41.875256576, -87.726346274)"
FALSE,1011,10,24,29,18,1151466,1893604,2015,05-12-2016 15:48,41.86393007,-87.7194525,"(41.863930074, -87.719452496)"
FALSE,725,7,17,67,18,1166189,1859376,2015,05-12-2016 15:48,41.76970308,-87.66638028,"(41.769703078, -87.666380284)"
FALSE,1131,11,24,26,18,1147578,1897671,2015,05-12-2016 15:48,41.87516582,-87.73362099,"(41.875165815, -87.733620994)"
FALSE,1132,11,24,26,18,1149561,1896797,2015,05-12-2016 15:48,41.87272921,-87.72636284,"(41.872729207, -87.726362843)"
FALSE,1133,11,24,27,18,1152920,1896474,2015,05-12-2016 15:48,41.87177702,-87.71403889,"(41.871777019, -87.714038886)"
FALSE,1115,11,28,26,18,1148218,1898675,2015,05-12-2016 15:48,41.87790861,-87.73124529,"(41.877908612, -87.73124529)"
FALSE,1114,11,28,26,18,1149028,1900850,2015,05-12-2016 15:48,41.88386143,-87.72821483,"(41.883861425, -87.728214833)"
FALSE,832,8,15,66,18,1160388,1860136,2015,05-12-2016 15:48,41.7719101,-87.68762339,"(41.771910102, -87.687623385)"
FALSE,614,6,18,71,18,1166408,1848334,2015,05-12-2016 15:48,41.73939763,-87.66589153,"(41.739397628, -87.665891529)"
FALSE,1513,15,29,25,18,1136556,1894444,2015,05-12-2016 15:48,41.86651468,-87.77416714,"(41.866514676, -87.774167138)"
FALSE,612,6,21,71,18,1167387,1851972,2015,05-12-2016 15:48,41.74935993,-87.66220067,"(41.749359926, -87.662200672)"
FALSE,1532,15,28,25,18,1143243,1901005,2015,05-12-2016 15:48,41.88439674,-87.74945428,"(41.884396735, -87.749454281)"
FALSE,726,7,15,67,18,1165099,1862679,2015,05-12-2016 15:48,41.77879007,-87.67028241,"(41.778790073, -87.670282407)"
FALSE,726,7,15,67,18,1165101,1862626,2015,05-12-2016 15:48,41.77864459,-87.67027657,"(41.778644591, -87.670276573)"
FALSE,1113,11,28,26,18,1146849,1899295,2015,05-12-2016 15:48,41.87963621,-87.73625614,"(41.879636208, -87.736256136)"
FALSE,1132,11,24,26,18,1149180,1896008,2015,05-12-2016 15:48,41.87057148,-87.72778212,"(41.870571484, -87.727782117)"
FALSE,2533,25,37,25,18,1143973,1911841,2015,05-12-2016 15:48,41.91411828,-87.74650141,"(41.914118277, -87.746501414)"
FALSE,734,7,17,67,18,1168510,1856685,2015,05-12-2016 15:48,41.76226892,-87.65794997,"(41.762268921, -87.657949967)"
FALSE,734,7,17,67,18,1169058,1857364,2015,05-12-2016 15:48,41.76412036,-87.65592187,"(41.76412036, -87.655921874)"
FALSE,1122,11,28,26,18,1150398,1899604,2015,05-12-2016 15:48,41.88041565,-87.72321655,"(41.880415646, -87.723216549)"
FALSE,1423,14,26,24,18,1157400,1907857,2015,05-12-2016 15:48,41.90292316,-87.69728116,"(41.902923157, -87.697281163)"
FALSE,1914,19,46,3,18,1167947,1930934,2015,05-12-2016 15:48,41.96602645,-87.65787231,"(41.96602645, -87.657872309)"
FALSE,1011,10,24,29,18,1152254,1893538,2015,05-12-2016 15:48,41.86373346,-87.7165615,"(41.863733464, -87.716561504)"
FALSE,612,6,17,71,18,1167477,1852706,2015,05-12-2016 15:48,41.7513722,-87.66184989,"(41.751372197, -87.661849885)"
FALSE,1132,11,24,26,18,1149518,1897717,2015,05-12-2016 15:48,41.87525463,-87.72649684,"(41.875254627, -87.726496837)"
FALSE,714,7,15,67,18,1166640,1865589,2015,05-12-2016 15:48,41.78674273,-87.66455,"(41.786742732, -87.664549996)"
FALSE,725,7,16,67,18,1166756,1862739,2015,05-12-2016 15:48,41.7789195,-87.664206,"(41.778919499, -87.664205995)"
FALSE,735,7,17,67,18,1166912,1857541,2015,05-12-2016 15:48,41.76465218,-87.66378244,"(41.76465218, -87.663782441)"
FALSE,734,7,17,67,18,1168545,1858042,2015,05-12-2016 15:48,41.76599195,-87.65778263,"(41.765991951, -87.657782626)"
FALSE,934,9,16,61,18,1167928,1868467,2015,05-12-2016 15:48,41.79461272,-87.65974483,"(41.794612717, -87.659744826)"
FALSE,723,7,6,68,18,1172651,1860911,2015,05-12-2016 15:48,41.77377535,-87.64264829,"(41.773775349, -87.642648291)"
FALSE,2232,22,34,73,18,1170426,1838183,2015,05-12-2016 15:48,41.71145535,-87.65146484,"(41.711455354, -87.651464841)"
FALSE,723,7,6,68,18,1172651,1860911,2015,05-12-2016 15:48,41.77377535,-87.64264829,"(41.773775349, -87.642648291)"
FALSE,1121,11,27,23,18,1152915,1904667,2015,05-12-2016 15:48,41.89425956,-87.71384011,"(41.89425956, -87.713840107)"
FALSE,2031,20,40,4,18,1157804,1932792,2015,05-12-2016 15:48,41.97133827,-87.69511533,"(41.971338265, -87.695115325)"
FALSE,812,8,23,64,18,1130461,1861922,2015,05-12-2016 15:48,41.77737544,-87.79728783,"(41.777375439, -87.797287826)"
FALSE,1014,10,24,29,18,1151629,1892141,2015,05-12-2016 15:48,41.85991223,-87.71889256,"(41.859912232, -87.718892563)"
FALSE,713,7,16,67,18,1168637,1866771,2015,05-12-2016 15:48,41.78994342,-87.65719385,"(41.789943421, -87.657193851)"
FALSE,2523,25,30,21,18,1149881,1919237,2015,05-12-2016 15:48,41.93430059,-87.72460334,"(41.934300586, -87.724603337)"
FALSE,1122,11,27,23,18,1151276,1903907,2015,05-12-2016 15:48,41.89220636,-87.71987965,"(41.892206358, -87.719879646)"
FALSE,2521,25,31,19,18,1142818,1919824,2015,05-12-2016 15:48,41.93604605,-87.75054541,"(41.936046051, -87.75054541)"
FALSE,1124,11,28,27,18,1155538,1897993,2015,05-12-2016 15:48,41.87589308,-87.70438624,"(41.875893078, -87.704386239)"
FALSE,1011,10,24,29,18,1149910,1894203,2015,05-12-2016 15:48,41.86560419,-87.72514897,"(41.865604191, -87.72514897)"
FALSE,713,7,16,67,18,1168607,1867906,2015,05-12-2016 15:48,41.79305864,-87.65727113,"(41.793058641, -87.657271125)"
FALSE,1132,11,24,26,14,1149544,1895806,2016,05-12-2016 15:50,41.87001012,-87.72645098,"(41.870010119, -87.726450983)"
FALSE,422,4,7,46,18,1196548,1852943,2015,05-12-2016 15:48,41.75135057,-87.55531254,"(41.751350565, -87.555312536)"
FALSE,123,1,2,32,6,1175622,1897488,2016,05-12-2016 15:50,41.8740798,-87.63066067,"(41.874079802, -87.630660674)"
FALSE,724,7,17,68,18,1170806,1860129,2015,05-12-2016 15:48,41.77166991,-87.64943446,"(41.771669908, -87.649434458)"
FALSE,724,7,17,67,18,1168179,1859299,2015,05-12-2016 15:48,41.7694492,-87.65908803,"(41.769449202, -87.659088027)"
FALSE,723,7,6,68,18,1172117,1860649,2015,05-12-2016 15:48,41.77306814,-87.64461351,"(41.773068142, -87.644613509)"
FALSE,725,7,17,67,18,1166850,1859459,2015,05-12-2016 15:48,41.76991675,-87.66395498,"(41.769916749, -87.663954978)"
FALSE,214,2,3,38,18,1180456,1877725,2015,05-12-2016 15:48,41.81973889,-87.61352089,"(41.819738889, -87.613520887)"
FALSE,221,2,4,38,18,1182160,1874015,2015,05-12-2016 15:48,41.80951902,-87.60738495,"(41.809519024, -87.607384952)"
FALSE,224,2,3,38,18,1177516,1873541,2015,05-12-2016 15:48,41.80832471,-87.62443255,"(41.808324708, -87.624432552)"
FALSE,213,2,3,35,18,1177674,1880986,2015,05-12-2016 15:48,41.82875084,-87.62362751,"(41.828750839, -87.623627513)"
FALSE,1124,11,28,27,18,1156165,1899698,2015,05-12-2016 15:48,41.88055914,-87.70203807,"(41.880559137, -87.702038065)"
FALSE,624,6,6,69,18,1183205,1855301,2015,05-12-2016 15:48,41.75814185,-87.60413422,"(41.758141854, -87.60413422)"
FALSE,734,7,17,67,18,1167884,1858053,2015,05-12-2016 15:48,41.76603636,-87.66020511,"(41.766036357, -87.660205107)"
FALSE,714,7,15,67,18,1164027,1862861,2015,05-12-2016 15:48,41.77931212,-87.67420734,"(41.77931212, -87.67420734)"
FALSE,714,7,15,67,18,1166211,1865580,2015,05-12-2016 15:48,41.78672718,-87.6661232,"(41.786727181, -87.666123197)"
FALSE,714,7,15,67,18,1165036,1865263,2015,05-12-2016 15:48,41.78588223,-87.67044034,"(41.785882234, -87.67044034)"
FALSE,714,7,15,67,18,1165090,1863304,2015,05-12-2016 15:48,41.78050534,-87.67029774,"(41.780505344, -87.670297735)"
FALSE,1654,16,41,76,18,1100088,1926079,2015,05-12-2016 15:48,41.95390047,-87.9074726,"(41.953900467, -87.907472601)"
FALSE,1134,11,24,29,18,1154228,1895173,2015,05-12-2016 15:48,41.86818094,-87.70927139,"(41.868180939, -87.709271389)"
FALSE,213,2,3,38,18,1179079,1878972,2015,05-12-2016 15:48,41.8231923,-87.61853419,"(41.823192301, -87.61853419)"
FALSE,713,7,16,67,18,1167719,1864012,2015,05-12-2016 15:48,41.78239215,-87.66063904,"(41.782392152, -87.660639044)"
FALSE,712,7,16,68,18,1170659,1865532,2015,05-12-2016 15:48,41.78649959,-87.64981588,"(41.786499587, -87.649815884)"
FALSE,713,7,15,67,18,1167026,1865245,2015,05-12-2016 15:48,41.78579051,-87.66314455,"(41.785790506, -87.663144545)"
FALSE,613,6,21,71,08B,1171084,1850103,2016,05-12-2016 15:50,41.74415121,-87.64870788,"(41.74415121, -87.648707883)"
FALSE,511,5,21,49,26,1178256,1840091,2016,05-12-2016 15:50,41.71651743,-87.62273193,"(41.716517432, -87.622731926)"
FALSE,723,7,6,68,18,1172118,1860614,2015,05-12-2016 15:48,41.77297208,-87.64461087,"(41.772972076, -87.644610871)"
FALSE,222,2,4,39,18,1183133,1873123,2015,05-12-2016 15:48,41.8070487,-87.60384397,"(41.807048697, -87.603843965)"
FALSE,725,7,17,67,18,1166524,1859261,2015,05-12-2016 15:48,41.76938037,-87.66515559,"(41.769380367, -87.665155594)"
FALSE,1651,16,41,76,18,1100658,1934241,2015,05-12-2016 15:48,41.97629041,-87.90522722,"(41.976290414, -87.905227221)"
FALSE,932,9,16,61,18,1164943,1868575,2015,05-12-2016 15:48,41.79497274,-87.67068773,"(41.794972743, -87.670687727)"
FALSE,715,7,15,67,18,1164964,1867901,2015,05-12-2016 15:48,41.79312276,-87.67062977,"(41.793122759, -87.670629773)"
FALSE,313,3,20,42,18,1180719,1864679,2015,05-12-2016 15:48,41.7839335,-87.6129572,"(41.783933495, -87.612957199)"
FALSE,1134,11,24,27,18,1155571,1896200,2015,05-12-2016 15:48,41.87097224,-87.70431332,"(41.870972237, -87.704313319)"
FALSE,1115,11,28,26,18,1149521,1899707,2015,05-12-2016 15:48,41.88071535,-87.72643416,"(41.880715353, -87.726434156)"
TRUE,2515,25,37,19,08B,1141369,1913815,2016,05-12-2016 15:50,41.91958364,-87.75601938,"(41.919583641, -87.756019375)"
FALSE,825,8,15,66,18,1161107,1863312,2015,05-12-2016 15:48,41.78061065,-87.68489996,"(41.780610645, -87.684899958)"
FALSE,726,7,15,67,18,1163837,1860713,2015,05-12-2016 15:48,41.77342171,-87.67496419,"(41.773421714, -87.674964191)"
FALSE,713,7,16,67,18,1167297,1867433,2015,05-12-2016 15:48,41.79178884,-87.6620883,"(41.791788842, -87.662088297)"
FALSE,1022,10,24,29,18,1155927,1893547,2015,05-12-2016 15:48,41.86368496,-87.70307782,"(41.863684959, -87.70307782)"
FALSE,1135,11,28,29,18,1156861,1895067,2015,05-12-2016 15:48,41.86783713,-87.69960796,"(41.867837131, -87.699607959)"
FALSE,724,7,16,68,18,1169892,1862362,2015,05-12-2016 15:48,41.77781743,-87.6527201,"(41.777817429, -87.652720097)"
FALSE,924,9,3,61,18,1165790,1873910,2015,05-12-2016 15:48,41.80959465,-87.66743021,"(41.809594651, -87.667430208)"
FALSE,734,7,17,67,18,1167202,1858723,2015,05-12-2016 15:48,41.76788954,-87.66268573,"(41.767889544, -87.662685731)"
FALSE,333,3,5,43,04B,1190812,1856754,2016,05-12-2016 15:48,41.76194868,-87.57620889,"(41.761948684, -87.57620889)"
FALSE,1112,11,27,23,24,1150685,1907730,2016,05-12-2016 15:48,41.90270863,-87.7219501,"(41.90270863, -87.7219501)"
FALSE,122,1,42,32,6,1174561,1900806,2016,05-12-2016 15:48,41.88320837,-87.63445694,"(41.883208368, -87.634456935)"
FALSE,1623,16,45,12,26,1142555,1932793,2016,05-12-2016 15:48,41.97163904,-87.75118821,"(41.971639038, -87.751188209)"
FALSE,1833,18,42,8,04B,1177338,1906181,2016,05-12-2016 15:48,41.89789513,-87.62409661,"(41.897895128, -87.624096605)"
FALSE,623,6,6,44,15,1177672,1852176,2016,05-12-2016 15:48,41.7496934,-87.62450631,"(41.749693401, -87.624506314)"
FALSE,831,8,15,66,2,,,2016,05-12-2016 15:48,,,
FALSE,714,7,15,67,04A,1164101,1863230,2016,05-12-2016 15:48,41.78032315,-87.67392567,"(41.780323147, -87.673925674)"
FALSE,2033,20,48,3,14,1167408,1933509,2016,05-12-2016 15:48,41.97310398,-87.65977967,"(41.973103978, -87.659779667)"
FALSE,1622,16,38,15,26,,,2016,05-12-2016 15:48,,,
FALSE,522,5,34,49,15,1176656,1829092,2016,05-12-2016 15:48,41.68637069,-87.62892144,"(41.686370686, -87.628921436)"
FALSE,2232,22,34,73,6,1172121,1836943,2016,05-12-2016 15:48,41.70801561,-87.64529363,"(41.708015607, -87.645293629)"
FALSE,1531,15,37,25,10,1142536,1905109,2016,05-12-2016 15:48,41.89567177,-87.7519484,"(41.895671772, -87.751948398)"
FALSE,612,6,17,71,15,1170874,1852437,2016,05-12-2016 15:48,41.7505606,-87.64940937,"(41.7505606, -87.649409369)"
FALSE,1634,16,45,15,15,1143256,1926151,2016,05-12-2016 15:48,41.95339974,-87.74877713,"(41.953399738, -87.748777127)"
FALSE,1225,12,2,28,6,1162659,1898621,2016,05-12-2016 15:48,41.8774702,-87.67822288,"(41.877470199, -87.678222877)"
FALSE,231,2,3,40,26,1178505,1869684,2015,05-12-2016 15:48,41.79771831,-87.62092242,"(41.79771831, -87.620922418)"
FALSE,122,1,2,32,26,1173883,1899742,2015,05-12-2016 15:48,41.88030381,-87.63697827,"(41.88030381, -87.636978269)"
TRUE,524,5,34,53,26,1168775,1826957,2015,05-12-2016 15:48,41.6806851,-87.65783364,"(41.6806851, -87.657833641)"
FALSE,121,1,2,28,6,1173399,1900180,2015,05-12-2016 15:48,41.88151647,-87.63874243,"(41.881516473, -87.638742433)"
FALSE,1133,11,28,27,11,1153392,1898475,2015,05-12-2016 15:48,41.87725862,-87.71225281,"(41.877258619, -87.712252814)"
FALSE,524,5,34,53,15,1173448,1826415,2016,05-12-2016 15:48,41.67909595,-87.6407441,"(41.679095953, -87.640744099)"
FALSE,1821,18,27,8,11,1173383,1909988,2015,05-12-2016 15:48,41.90843054,-87.63850953,"(41.908430535, -87.638509526)"
TRUE,1513,15,29,25,20,1138158,1899796,2015,05-12-2016 15:48,41.8811725,-87.76815656,"(41.881172502, -87.768156563)"
FALSE,2413,24,50,2,11,1155455,1939729,2015,05-12-2016 15:48,41.99042144,-87.70356536,"(41.990421443, -87.703565357)"
FALSE,1412,14,35,22,11,1154485,1917190,2015,05-12-2016 15:48,41.92859251,-87.70773849,"(41.92859251, -87.707738486)"
FALSE,832,8,17,66,5,1162613,1860187,2015,05-12-2016 15:48,41.77200392,-87.67946577,"(41.772003922, -87.679465774)"
TRUE,1824,18,43,8,08B,1176342,1910561,2015,05-12-2016 15:48,41.90993658,-87.62762243,"(41.909936584, -87.627622427)"
FALSE,112,1,42,32,6,1175959,1899607,2016,05-12-2016 15:48,41.87988689,-87.62935957,"(41.879886887, -87.629359567)"
FALSE,1021,10,24,29,08A,1152972,1891647,2015,05-12-2016 15:48,41.85853016,-87.71397583,"(41.858530159, -87.713975828)"
FALSE,2422,24,49,1,11,1165371,1951231,2015,05-12-2016 15:48,42.02177727,-87.66676283,"(42.021777267, -87.666762834)"
FALSE,632,6,6,44,11,1180829,1849073,2015,05-12-2016 15:48,41.74110647,-87.61303302,"(41.741106467, -87.613033019)"
FALSE,321,3,20,42,14,1186931,1861526,2015,05-12-2016 15:48,41.77513633,-87.5902819,"(41.775136329, -87.590281897)"
FALSE,1513,15,29,25,5,1137714,1899746,2015,05-12-2016 15:48,41.88104331,-87.76978814,"(41.881043308, -87.769788137)"
FALSE,1623,16,45,15,11,1142845,1930984,2015,05-12-2016 15:48,41.96666958,-87.75016711,"(41.966669584, -87.750167105)"
FALSE,1931,19,32,7,6,1165238,1916923,2015,05-12-2016 15:48,41.92763776,-87.6682325,"(41.927637759, -87.668232503)"
FALSE,912,9,12,59,11,1161885,1882985,2015,05-12-2016 15:48,41.83457964,-87.68150063,"(41.834579639, -87.681500633)"
FALSE,424,4,10,46,14,1199354,1846574,2015,05-12-2016 15:48,41.73380349,-87.5452439,"(41.733803485, -87.5452439)"
FALSE,1225,12,2,28,11,1160855,1898111,2015,05-12-2016 15:48,41.87610831,-87.68486083,"(41.876108306, -87.684860827)"
FALSE,431,4,7,51,20,1192857,1841963,2015,05-12-2016 15:48,41.72131125,-87.56919523,"(41.721311249, -87.569195234)"
FALSE,131,1,3,33,11,1175819,1890453,2015,05-12-2016 15:48,41.85477087,-87.63014895,"(41.854770868, -87.630148953)"
FALSE,131,1,3,33,26,1177049,1891470,2015,05-12-2016 15:48,41.85753386,-87.62560361,"(41.857533855, -87.625603607)"
FALSE,2413,24,40,2,20,1163121,1940918,2016,05-12-2016 15:48,41.99352594,-87.67533456,"(41.993525942, -87.675334561)"
FALSE,825,8,15,66,11,1161443,1863213,2015,05-12-2016 15:48,41.78033202,-87.68367086,"(41.780332016, -87.683670856)"
FALSE,1432,14,32,22,7,1160058,1915887,2016,05-12-2016 15:48,41.92490358,-87.68729564,"(41.924903583, -87.687295639)"
FALSE,322,3,20,69,7,1178078,1861132,2016,05-12-2016 15:48,41.77426047,-87.62274747,"(41.774260472, -87.622747468)"
FALSE,2515,25,30,19,7,1139620,1916315,2016,05-12-2016 15:48,41.92647604,-87.76238439,"(41.926476042, -87.762384387)"
FALSE,1235,12,25,31,18,1169836,1890331,2016,05-12-2016 15:48,41.85456844,-87.65211253,"(41.854568443, -87.652112534)"
FALSE,2412,24,50,2,6,1156443,1944528,2016,05-12-2016 15:48,42.00357011,-87.69980067,"(42.003570105, -87.699800669)"
FALSE,2432,24,40,1,14,1165398,1944110,2016,05-12-2016 15:48,42.00223655,-87.6668675,"(42.002236549, -87.666867496)"
FALSE,1121,11,27,23,6,1152602,1904061,2016,05-12-2016 15:48,41.89260283,-87.71500571,"(41.892602831, -87.715005706)"
FALSE,222,2,4,39,11,1184334,1875703,2016,05-12-2016 15:48,41.81410035,-87.59935831,"(41.81410035, -87.59935831)"
FALSE,825,8,15,66,3,1161145,1861984,2016,05-12-2016 15:48,41.77696564,-87.68479736,"(41.776965643, -87.684797361)"
TRUE,935,9,11,61,08B,1172185,1873372,2016,05-12-2016 15:48,41.80797996,-87.64399028,"(41.807979957, -87.643990278)"
FALSE,911,9,12,59,2,1160732,1881736,2016,05-12-2016 15:48,41.83117617,-87.68576586,"(41.831176173, -87.68576586)"
FALSE,812,8,23,64,26,1135306,1861413,2016,05-12-2016 15:48,41.7758944,-87.77953767,"(41.775894398, -87.779537667)"
FALSE,1824,18,42,8,6,1176182,1907168,2016,05-12-2016 15:48,41.90062965,-87.62831264,"(41.900629649, -87.628312638)"
TRUE,422,4,7,46,08B,1196019,1852459,2016,05-12-2016 15:48,41.75003554,-87.55726702,"(41.750035543, -87.557267019)"
FALSE,2024,20,46,3,6,1168713,1934093,2016,05-12-2016 15:48,41.97467824,-87.65496392,"(41.974678235, -87.654963918)"
FALSE,911,9,12,58,11,,,2016,05-12-2016 15:48,,,
FALSE,2232,22,34,73,20,1171515,1835028,2016,05-12-2016 15:48,41.70277382,-87.64756867,"(41.702773821, -87.647568673)"
TRUE,1132,11,24,29,26,1148276,1895031,2016,05-12-2016 15:48,41.86790793,-87.7311262,"(41.867907932, -87.731126198)"
FALSE,611,6,18,71,6,1164720,1852711,2016,05-12-2016 15:48,41.75144452,-87.67195284,"(41.751444519, -87.671952841)"
FALSE,1424,14,1,24,14,1160128,1910223,2016,05-12-2016 15:48,41.90935971,-87.68719523,"(41.909359705, -87.687195228)"
FALSE,1814,18,43,7,6,1174553,1912486,2016,05-12-2016 15:48,41.91525907,-87.63413676,"(41.915259074, -87.634136763)"
FALSE,1931,19,32,6,6,1164828,1920312,2016,05-12-2016 15:48,41.93694608,-87.66964269,"(41.936946083, -87.669642685)"
FALSE,523,5,34,53,11,1173578,1822439,2016,05-12-2016 15:48,41.66818229,-87.64038528,"(41.66818229, -87.640385283)"
FALSE,1214,12,27,28,11,1171746,1902094,2016,05-12-2016 15:48,41.88680517,-87.64475574,"(41.886805165, -87.644755744)"
FALSE,123,1,2,32,08A,1175232,1895031,2016,05-12-2016 15:48,41.86734639,-87.63216624,"(41.867346388, -87.632166244)"
FALSE,2413,24,50,2,7,1159829,1942078,2016,05-12-2016 15:48,41.9967778,-87.68741165,"(41.996777795, -87.687411648)"
FALSE,2413,24,50,2,7,1159829,1942078,2016,05-12-2016 15:48,41.9967778,-87.68741165,"(41.996777795, -87.687411648)"
FALSE,1925,19,44,6,10,1173062,1921867,2016,05-12-2016 15:48,41.94103415,-87.63933554,"(41.941034149, -87.639335535)"
FALSE,2212,22,19,75,26,1166533,1831078,2016,05-12-2016 15:48,41.69204178,-87.66592364,"(41.692041778, -87.665923635)"
FALSE,222,2,4,39,17,1185932,1874445,2016,05-12-2016 15:48,41.81061071,-87.59353651,"(41.810610708, -87.593536505)"
FALSE,1923,19,44,6,11,1168616,1926373,2016,05-12-2016 15:48,41.95349641,-87.65554518,"(41.953496407, -87.655545182)"
FALSE,814,8,23,56,6,1141562,1870107,2016,05-12-2016 15:48,41.79963938,-87.75638939,"(41.799639378, -87.756389388)"
FALSE,1623,16,45,11,08A,1139465,1931490,2016,05-12-2016 15:48,41.96812055,-87.76258263,"(41.968120549, -87.762582634)"
FALSE,835,8,18,70,6,1156798,1850367,2016,05-12-2016 15:48,41.74517565,-87.7010465,"(41.745175646, -87.701046502)"
FALSE,1831,18,42,8,6,1175066,1903064,2016,05-12-2016 15:48,41.88939315,-87.63253485,"(41.889393149, -87.632534851)"
FALSE,621,6,17,71,11,1172663,1852766,2016,05-12-2016 15:48,41.75142421,-87.64284397,"(41.751424208, -87.642843973)"
FALSE,1231,12,2,28,11,1166546,1895280,2016,05-12-2016 15:48,41.86821992,-87.66404656,"(41.868219921, -87.664046556)"
TRUE,1434,14,1,24,08B,1159445,1910914,2016,05-12-2016 15:48,41.91126995,-87.68968522,"(41.911269954, -87.689685222)"
FALSE,1212,12,32,24,6,1160607,1905936,2016,05-12-2016 15:48,41.89758593,-87.68555452,"(41.897585925, -87.685554515)"
FALSE,1222,12,2,27,11,1156670,1901490,2016,05-12-2016 15:48,41.88546635,-87.7001352,"(41.88546635, -87.700135196)"
TRUE,512,5,34,49,08B,1178113,1835163,2016,05-12-2016 15:48,41.70299757,-87.62340447,"(41.702997566, -87.62340447)"
FALSE,2011,20,40,4,26,1156751,1934590,2016,05-12-2016 15:48,41.97629353,-87.69893838,"(41.976293531, -87.69893838)"
FALSE,123,1,2,32,6,1174818,1897412,2016,05-12-2016 15:48,41.87388928,-87.63361483,"(41.873889276, -87.633614833)"
FALSE,1822,18,43,8,6,1170400,1910306,2016,05-12-2016 15:48,41.90936893,-87.64945819,"(41.909368929, -87.649458193)"
FALSE,935,9,11,61,08B,1172185,1873372,2016,05-12-2016 15:48,41.80797996,-87.64399028,"(41.807979957, -87.643990278)"
FALSE,1935,19,43,7,6,1169500,1917797,2016,05-12-2016 15:48,41.92994427,-87.65254592,"(41.929944271, -87.652545916)"
FALSE,622,6,21,44,08B,1174708,1850883,2016,05-12-2016 15:48,41.74621174,-87.63540603,"(41.74621174, -87.635406033)"
FALSE,823,8,15,66,10,1157454,1863137,2016,05-12-2016 15:48,41.78020523,-87.69829735,"(41.780205231, -87.698297354)"
FALSE,1613,16,41,10,14,1123762,1935260,2016,05-12-2016 15:48,41.97873838,-87.82023972,"(41.97873838, -87.820239721)"
TRUE,912,9,12,59,26,1162894,1882499,2016,05-12-2016 15:48,41.83322493,-87.67781194,"(41.833224932, -87.677811943)"
FALSE,1512,15,29,25,08B,1138238,1903158,2016,05-12-2016 15:48,41.89039682,-87.76778144,"(41.890396818, -87.767781443)"
FALSE,211,2,3,35,3,1177046,1881845,2016,05-12-2016 15:48,41.83112222,-87.62590563,"(41.831122218, -87.62590563)"
FALSE,1834,18,42,8,5,1176796,1903917,2016,05-12-2016 15:48,41.89169488,-87.62615583,"(41.891694878, -87.626155832)"
FALSE,1834,18,42,8,6,1177327,1904307,2016,05-12-2016 15:48,41.89275303,-87.6241939,"(41.892753031, -87.624193896)"
FALSE,1831,18,42,8,6,1175457,1903389,2016,05-12-2016 15:48,41.8902762,-87.63108919,"(41.890276195, -87.631089185)"
FALSE,112,1,42,32,6,1176365,1900502,2016,05-12-2016 15:48,41.88233367,-87.62784179,"(41.88233367, -87.627841791)"
TRUE,512,5,34,49,08A,1176505,1834649,2016,05-12-2016 15:48,41.7016233,-87.62930794,"(41.7016233, -87.629307943)"
FALSE,1431,14,1,22,11,1157751,1914564,2016,05-12-2016 15:48,41.92132056,-87.69580875,"(41.921320555, -87.695808751)"
FALSE,821,8,14,57,11,1150470,1873616,2016,05-12-2016 15:48,41.80909987,-87.72362963,"(41.809099871, -87.723629625)"
FALSE,1122,11,28,26,11,1150171,1899371,2016,05-12-2016 15:48,41.87978069,-87.72405615,"(41.879780694, -87.72405615)"
FALSE,234,2,4,41,11,1186659,1870409,2016,05-12-2016 15:48,41.79951843,-87.59099784,"(41.799518433, -87.590997844)"
FALSE,123,1,2,32,6,,,2016,05-12-2016 15:48,,,
FALSE,835,8,18,66,08B,1160995,1855353,2016,05-12-2016 15:48,41.75877233,-87.68553035,"(41.758772329, -87.685530347)"
FALSE,1834,18,42,8,11,1179130,1903028,2016,05-12-2016 15:48,41.88920232,-87.61761146,"(41.889202315, -87.617611457)"
TRUE,733,7,17,68,04B,1169905,1856755,2016,05-12-2016 15:48,41.76243084,-87.65283508,"(41.76243084, -87.652835075)"
FALSE,1421,14,35,22,6,1157115,1912718,2016,05-12-2016 15:48,41.91626794,-87.69819581,"(41.916267937, -87.698195809)"
FALSE,324,3,5,43,08A,1187463,1857077,2016,05-12-2016 15:48,41.76291526,-87.58847293,"(41.762915257, -87.588472927)"
FALSE,2412,24,50,2,6,1160259,1943115,2016,05-12-2016 15:48,41.99961445,-87.68580101,"(41.999614447, -87.68580101)"
FALSE,623,6,6,44,6,1179849,1852448,2016,05-12-2016 15:48,41.75039031,-87.61652063,"(41.750390308, -87.61652063)"
FALSE,915,9,11,34,26,1175474,1883523,2016,05-12-2016 15:48,41.83576217,-87.63162307,"(41.835762166, -87.631623068)"
FALSE,931,9,16,61,17,1165845,1871928,2016,05-12-2016 15:48,41.80415465,-87.66728481,"(41.804154645, -87.667284814)"
FALSE,324,3,5,43,11,1188042,1858120,2016,05-12-2016 15:48,41.76576356,-87.58631763,"(41.765763563, -87.586317625)"
FALSE,1112,11,27,23,10,1149865,1906660,2016,05-12-2016 15:48,41.89978844,-87.72499,"(41.89978844, -87.724989999)"
FALSE,512,5,34,49,08A,1176461,1834648,2016,05-12-2016 15:48,41.70162154,-87.62946909,"(41.701621543, -87.629469087)"
FALSE,1831,18,42,8,6,1174133,1903845,2016,05-12-2016 15:48,41.89155712,-87.63593787,"(41.891557116, -87.635937868)"
FALSE,432,4,10,52,5,1203517,1832963,2016,05-12-2016 15:48,41.69634827,-87.53045807,"(41.696348268, -87.530458072)"
FALSE,2521,25,31,19,5,1141989,1915620,2016,05-12-2016 15:48,41.92452527,-87.75369655,"(41.924525274, -87.753696548)"
FALSE,1834,18,42,8,26,1180796,1904058,2016,05-12-2016 15:48,41.89199038,-87.6114615,"(41.891990384, -87.611461502)"
FALSE,1231,12,25,28,14,1167939,1897207,2016,05-12-2016 15:48,41.87347785,-87.65887701,"(41.873477846, -87.658877011)"
TRUE,621,6,17,71,6,1171335,1852826,2016,05-12-2016 15:48,41.751618,-87.64770869,"(41.751617999, -87.647708692)"
FALSE,614,6,21,71,6,1166776,1850053,2016,05-12-2016 15:48,41.74410697,-87.66449429,"(41.744106973, -87.664494285)"
FALSE,1812,18,43,7,6,1171562,1915205,2016,05-12-2016 15:48,41.92278653,-87.64504512,"(41.922786529, -87.645045119)"
FALSE,1812,18,43,7,11,1171562,1915205,2016,05-12-2016 15:48,41.92278653,-87.64504512,"(41.922786529, -87.645045119)"
FALSE,1013,10,22,30,11,1148103,1887037,2016,05-12-2016 15:48,41.84597472,-87.73196687,"(41.845974722, -87.731966865)"
FALSE,2522,25,31,19,10,1144009,1915304,2016,05-12-2016 15:48,41.92362043,-87.74628206,"(41.92362043, -87.746282063)"
FALSE,825,8,15,66,11,1159115,1863156,2016,05-12-2016 15:48,41.78022355,-87.6922073,"(41.780223548, -87.692207302)"
FALSE,412,4,8,45,14,1190009,1848675,2016,05-12-2016 15:48,41.73979854,-87.57941139,"(41.739798541, -87.57941139)"
FALSE,431,4,7,51,11,1191766,1840078,2016,05-12-2016 15:48,41.71616512,-87.57325224,"(41.716165123, -87.573252238)"
FALSE,512,5,34,49,11,1177757,1835677,2016,05-12-2016 15:48,41.7044161,-87.62469256,"(41.704416099, -87.624692563)"
FALSE,611,6,18,71,10,1163965,1852256,2016,05-12-2016 15:48,41.75021183,-87.67473233,"(41.750211825, -87.674732326)"
FALSE,334,3,7,43,11,1194812,1857891,2016,05-12-2016 15:48,41.76497115,-87.56151132,"(41.764971149, -87.561511321)"
FALSE,2433,24,48,77,11,1166345,1940967,2016,05-12-2016 15:48,41.99359181,-87.66347405,"(41.993591809, -87.663474051)"
FALSE,123,1,2,32,11,,,2014,05-12-2016 15:50,,,
FALSE,1733,17,35,16,11,,,2016,05-12-2016 15:50,,,
FALSE,2535,25,26,22,18,1151631,1913041,2016,05-12-2016 15:50,41.91726396,-87.71833538,"(41.917263956, -87.718335376)"
FALSE,1822,18,27,8,11,,,2016,05-12-2016 15:50,,,
FALSE,113,1,2,32,6,,,2016,05-12-2016 15:50,,,
FALSE,823,8,15,66,3,1156806,1862530,2016,05-12-2016 15:50,41.77855264,-87.70068942,"(41.778552642, -87.700689417)"
FALSE,1411,14,35,21,6,,,2016,05-12-2016 15:50,,,
FALSE,1834,18,42,8,11,,,2013,05-12-2016 15:50,,,
FALSE,423,4,7,48,11,,,2014,05-12-2016 15:50,,,
FALSE,2422,24,49,1,11,,,2015,05-12-2016 15:50,,,
FALSE,114,1,42,32,11,,,2016,05-12-2016 15:50,,,
FALSE,121,1,27,28,6,,,2016,05-12-2016 15:50,,,
FALSE,1021,10,24,29,04B,1152781,1893058,2016,05-12-2016 15:50,41.86240588,-87.7146396,"(41.862405884, -87.714639603)"
FALSE,1414,14,35,22,11,,,2016,05-12-2016 15:50,,,
FALSE,2212,22,19,75,11,,,2016,05-12-2016 15:50,,,
FALSE,414,4,8,46,5,1190611,1851365,2016,05-12-2016 15:50,41.74716566,-87.57711917,"(41.747165655, -87.577119174)"
FALSE,2211,22,19,74,11,,,2016,05-12-2016 15:50,,,
FALSE,113,1,2,32,26,1175988,1898747,2016,05-12-2016 15:50,41.87752634,-87.62927899,"(41.877526344, -87.629278989)"
FALSE,211,2,3,35,6,1176803,1883746,2016,05-12-2016 15:50,41.8363442,-87.62673983,"(41.8363442, -87.626739832)"
FALSE,1533,15,28,25,11,,,2013,05-12-2016 15:50,,,
FALSE,313,3,20,42,3,1183247,1863427,2016,05-12-2016 15:50,41.7804394,-87.60372767,"(41.780439401, -87.603727666)"
FALSE,1713,17,33,14,14,1153007,1931688,2016,05-12-2016 15:50,41.96840553,-87.71278394,"(41.968405527, -87.712783941)"
FALSE,813,8,23,56,14,1146073,1866880,2016,05-12-2016 15:50,41.7906997,-87.73992777,"(41.790699699, -87.739927768)"
FALSE,2412,24,50,2,08A,1153861,1942477,2016,05-12-2016 15:50,41.9979941,-87.70935481,"(41.997994103, -87.709354807)"
FALSE,823,8,16,66,04B,1156956,1864690,2016,05-12-2016 15:50,41.78447697,-87.70008119,"(41.784476966, -87.700081186)"
FALSE,1733,17,33,16,14,1154410,1923929,2016,05-12-2016 15:50,41.94708633,-87.7078334,"(41.947086328, -87.707833401)"
FALSE,411,4,8,45,04B,1188340,1851428,2016,05-12-2016 15:50,41.747393,-87.58543861,"(41.747393001, -87.585438607)"
TRUE,1524,15,37,25,08B,1140833,1906468,2016,05-12-2016 15:50,41.89943253,-87.75816975,"(41.899432526, -87.758169754)"
FALSE,1132,11,24,26,08B,1149812,1897228,2016,05-12-2016 15:50,41.87390705,-87.72543009,"(41.873907046, -87.725430093)"
FALSE,1713,17,39,13,3,1152783,1934036,2016,05-12-2016 15:50,41.97485303,-87.71354512,"(41.974853031, -87.713545123)"
FALSE,1224,12,27,28,6,1167150,1901140,2016,05-12-2016 15:50,41.88428728,-87.66166081,"(41.884287279, -87.661660805)"
FALSE,1234,12,25,31,14,1164492,1889439,2016,05-12-2016 15:50,41.85223538,-87.67175242,"(41.852235377, -87.671752419)"
FALSE,1033,10,12,30,7,1156098,1887071,2016,05-12-2016 15:50,41.84591065,-87.70262471,"(41.845910648, -87.702624707)"
FALSE,1412,14,35,21,6,1152189,1920115,2016,05-12-2016 15:50,41.93666461,-87.71609818,"(41.936664606, -87.716098176)"
FALSE,512,5,9,49,2,,,2014,05/13/2016 03:51:16 PM,,,
FALSE,433,4,10,52,14,1201660,1829983,2016,05-12-2016 15:50,41.68821818,-87.53735791,"(41.688218178, -87.537357913)"
TRUE,512,5,34,49,2,,,2016,05/13/2016 03:51:16 PM,,,
FALSE,1812,18,43,7,7,1172968,1913879,2016,05/13/2016 03:51:16 PM,41.91911684,-87.63991846,"(41.919116842, -87.639918455)"
FALSE,421,4,7,43,11,1195237,1855388,2016,05-12-2016 15:50,41.75809226,-87.56003608,"(41.758092261, -87.560036078)"
FALSE,2031,20,40,4,08B,1157125,1934423,2016,05-12-2016 15:50,41.97582767,-87.69756759,"(41.975827666, -87.697567585)"
FALSE,1032,10,22,30,26,1152574,1886485,2016,05-12-2016 15:50,41.84437288,-87.71557307,"(41.844372882, -87.715573067)"
FALSE,1613,16,41,10,08A,1127365,1935293,2016,05-12-2016 15:50,41.97876895,-87.80698849,"(41.978768949, -87.806988488)"
FALSE,1412,14,35,21,6,1153353,1921084,2016,05-12-2016 15:50,41.93930054,-87.71179449,"(41.939300539, -87.711794487)"
FALSE,113,1,2,32,11,1176054,1898521,2016,05-12-2016 15:50,41.8769047,-87.62904347,"(41.8769047, -87.629043466)"
FALSE,1423,14,26,24,6,1159164,1908737,2016,05-12-2016 15:50,41.90530188,-87.69077743,"(41.905301875, -87.690777434)"
FALSE,1831,18,42,8,6,1174402,1905022,2016,05-12-2016 15:50,41.89478087,-87.63491478,"(41.894780865, -87.634914779)"
FALSE,832,8,18,66,26,1161972,1857227,2016,05-12-2016 15:48,41.76389461,-87.68189767,"(41.763894612, -87.681897673)"
FALSE,735,7,17,67,5,1164606,1856755,2016,05-12-2016 15:48,41.76254423,-87.67225672,"(41.762544233, -87.672256721)"
FALSE,522,5,34,49,6,1176632,1829817,2016,05-12-2016 15:48,41.68836073,-87.6289876,"(41.688360733, -87.628987596)"
FALSE,223,2,4,39,6,1182685,1872039,2016,05-12-2016 15:48,41.80408454,-87.60552074,"(41.804084538, -87.605520738)"
FALSE,411,4,5,43,11,1187313,1854891,2016,05-12-2016 15:48,41.75692024,-87.58909201,"(41.756920236, -87.589092011)"
TRUE,1621,16,45,11,26,1138073,1938719,2016,05-12-2016 15:48,41.98798287,-87.76752543,"(41.98798287, -87.767525428)"
TRUE,2424,24,49,1,08A,1161480,1947380,2016,05-12-2016 15:48,42.0112923,-87.68118975,"(42.011292299, -87.681189751)"
FALSE,1233,12,25,31,5,,,2016,05-12-2016 15:48,,,
TRUE,833,8,13,65,26,1152603,1856955,2016,05-12-2016 15:48,41.76333778,-87.71624469,"(41.763337776, -87.716244693)"
TRUE,1612,16,41,10,2,,,2013,05-12-2016 15:48,,,
FALSE,522,5,34,49,26,1175674,1829041,2014,05-12-2016 15:48,41.68625271,-87.63251787,"(41.686252712, -87.632517867)"
FALSE,113,1,2,32,6,1177339,1898916,2016,05-12-2016 15:50,41.87795957,-87.62431341,"(41.877959571, -87.624313409)"
FALSE,1135,11,2,27,14,1158187,1897252,2016,05-12-2016 15:50,41.87380602,-87.69468028,"(41.873806023, -87.694680281)"
FALSE,1213,12,27,24,6,1166754,1907257,2016,05-12-2016 15:50,41.90108126,-87.66293946,"(41.901081261, -87.662939455)"
FALSE,833,8,13,64,26,1146170,1860900,2016,05-12-2016 15:50,41.77428776,-87.73972346,"(41.774287755, -87.739723463)"
FALSE,1935,19,43,7,14,1173235,1918035,2016,05-12-2016 15:50,41.93051515,-87.6388138,"(41.930515154, -87.638813799)"
FALSE,1423,14,26,24,14,1157468,1909457,2016,05-12-2016 15:50,41.90731231,-87.69698779,"(41.907312308, -87.696987788)"
FALSE,735,7,17,67,11,1163944,1856721,2016,05-12-2016 15:50,41.76246487,-87.67468401,"(41.762464867, -87.674684014)"
FALSE,2033,20,46,3,3,1167121,1934054,2016,05-12-2016 15:50,41.97460566,-87.66081929,"(41.974605662, -87.660819291)"
FALSE,1213,12,1,24,6,1164861,1907369,2016,05-12-2016 15:50,41.90142898,-87.6698894,"(41.901428979, -87.669889398)"
FALSE,221,2,3,38,14,1180033,1874617,2016,05-12-2016 15:50,41.81122,-87.6151679,"(41.81122, -87.615167898)"
TRUE,2413,24,50,2,08B,1156247,1940067,2016,05-12-2016 15:50,41.99133291,-87.70064302,"(41.991332912, -87.700643015)"
FALSE,1132,11,24,26,18,1150144,1897733,2016,05-12-2016 15:50,41.87528637,-87.72419798,"(41.875286365, -87.724197978)"
FALSE,1634,16,30,15,18,1141792,1921221,2016,05-12-2016 15:50,41.93989863,-87.75428142,"(41.939898633, -87.754281422)"
FALSE,1634,16,30,15,18,1141792,1921221,2016,05-12-2016 15:50,41.93989863,-87.75428142,"(41.939898633, -87.754281422)"
FALSE,513,5,34,49,6,1177244,1832674,2016,05-12-2016 15:50,41.69618701,-87.62666131,"(41.696187007, -87.626661308)"
TRUE,2233,22,34,49,08B,1174995,1829613,2016,05/13/2016 03:51:16 PM,41.6878375,-87.63498658,"(41.687837499, -87.634986576)"
FALSE,1012,10,24,29,14,1150039,1889642,2016,05/13/2016 03:51:16 PM,41.85308575,-87.72479408,"(41.853085748, -87.724794075)"
FALSE,613,6,21,71,08B,1170807,1848191,2016,05/13/2016 03:51:16 PM,41.73891046,-87.64977849,"(41.738910464, -87.649778487)"
FALSE,1024,10,22,30,26,1154399,1888201,2016,05-12-2016 15:50,41.84904557,-87.70882978,"(41.849045571, -87.708829783)"
FALSE,1814,18,43,7,7,1174732,1912103,2016,05-12-2016 15:50,41.9142041,-87.63349062,"(41.914204099, -87.633490624)"
FALSE,1651,16,41,76,26,1100317,1935229,2016,05-12-2016 15:50,41.9790063,-87.90646316,"(41.979006297, -87.906463155)"
FALSE,2534,25,30,20,04A,1148742,1912502,2016,05-12-2016 15:50,41.91584125,-87.72896364,"(41.915841247, -87.728963636)"
FALSE,333,3,5,43,6,1190602,1857828,2016,05-12-2016 15:50,41.7649009,-87.57694394,"(41.764900898, -87.576943938)"
FALSE,2515,25,31,19,6,1140942,1916131,2016,05-12-2016 15:50,41.92594687,-87.75753112,"(41.925946869, -87.757531118)"
FALSE,225,2,3,37,08A,1176228,1868523,2016,05-12-2016 15:50,41.79458389,-87.62930735,"(41.794583892, -87.629307346)"
FALSE,1834,18,42,8,08B,1177327,1904307,2016,05-12-2016 15:50,41.89275303,-87.6241939,"(41.892753031, -87.624193896)"
FALSE,722,7,6,69,6,1176579,1859616,2016,05-12-2016 15:50,41.77013426,-87.62828805,"(41.770134258, -87.628288054)"
TRUE,524,5,34,53,26,1172122,1826341,2016,05-12-2016 15:50,41.67892203,-87.64559996,"(41.678922032, -87.645599956)"
FALSE,1115,11,28,26,26,1148718,1899689,2016,05-12-2016 15:50,41.8806815,-87.7293832,"(41.880681503, -87.729383196)"
FALSE,1723,17,33,16,5,1152294,1928029,2016,05-12-2016 15:50,41.95837913,-87.71550263,"(41.95837913, -87.715502632)"
FALSE,112,1,42,32,6,1176233,1900384,2016,05-12-2016 15:50,41.88201285,-87.62833005,"(41.882012848, -87.62833005)"
FALSE,1124,11,28,27,18,1156098,1898340,2016,05-12-2016 15:50,41.876834,-87.70232075,"(41.876834002, -87.702320746)"
FALSE,1122,11,28,26,6,1150780,1899737,2016,05-12-2016 15:50,41.88077315,-87.72181039,"(41.880773152, -87.721810393)"
TRUE,1532,15,37,25,08A,1143572,1903968,2016,05-12-2016 15:50,41.89252141,-87.74817194,"(41.892521409, -87.748171938)"
FALSE,1533,15,28,25,08B,1141718,1899725,2016,05-12-2016 15:50,41.88091259,-87.75508602,"(41.880912591, -87.75508602)"
FALSE,1112,11,27,23,08B,1151501,1907382,2016,05-12-2016 15:50,41.90173769,-87.71896192,"(41.901737687, -87.718961922)"
TRUE,1511,15,29,25,08B,1138540,1904957,2016,05-12-2016 15:50,41.89532803,-87.7666287,"(41.895328032, -87.766628703)"
FALSE,113,1,2,32,08B,1175716,1898973,2016,05-12-2016 15:50,41.87815262,-87.63027089,"(41.87815262, -87.630270892)"
FALSE,1134,11,24,27,14,1155517,1896198,2016,05-12-2016 15:50,41.87096784,-87.70451163,"(41.870967835, -87.704511627)"
FALSE,815,8,14,57,6,1150494,1872875,2016,05-12-2016 15:50,41.80706599,-87.72356088,"(41.807065993, -87.723560879)"
FALSE,921,9,14,58,3,1156156,1875960,2016,05-12-2016 15:50,41.81541953,-87.70271119,"(41.815419529, -87.702711186)"
FALSE,731,7,6,69,14,1176468,1857909,2016,05-12-2016 15:50,41.76545256,-87.62874619,"(41.765452556, -87.628746189)"
FALSE,1423,14,26,24,18,1157388,1907856,2016,05-12-2016 15:50,41.90292066,-87.69732527,"(41.902920657, -87.697325269)"
FALSE,1934,19,44,6,6,1171484,1919863,2016,05-12-2016 15:50,41.93557,-87.64519435,"(41.935570003, -87.645194353)"
FALSE,1133,11,24,26,11,1150527,1895644,2016,05-12-2016 15:50,41.86954645,-87.72284629,"(41.869546445, -87.722846293)"
FALSE,1524,15,37,25,18,1140872,1904994,2016,05-12-2016 15:50,41.89538698,-87.75806281,"(41.895386977, -87.758062808)"
FALSE,1932,19,32,7,6,1165970,1917881,2016,05-12-2016 15:50,41.93025095,-87.66551528,"(41.930250952, -87.665515282)"
FALSE,612,6,17,71,6,1166987,1854622,2016,05-12-2016 15:50,41.75664045,-87.66359084,"(41.756640447, -87.663590843)"
FALSE,612,6,21,71,3,1168702,1852340,2016,05-12-2016 15:50,41.75034152,-87.65737139,"(41.750341521, -87.657371388)"
TRUE,512,5,34,49,26,1177470,1834933,2016,05-12-2016 15:50,41.70238093,-87.62576589,"(41.702380934, -87.625765891)"
FALSE,712,7,16,68,26,1171833,1865730,2016,05-12-2016 15:50,41.78701723,-87.6455056,"(41.78701723, -87.645505595)"
FALSE,414,4,7,43,7,1193509,1855532,2016,05-12-2016 15:50,41.75852986,-87.56636419,"(41.758529857, -87.566364189)"
TRUE,612,6,17,71,08B,1170790,1853763,2016,05-12-2016 15:50,41.75420115,-87.64967857,"(41.75420115, -87.649678573)"
FALSE,1432,14,32,22,6,1165199,1914283,2016,05-12-2016 15:50,41.92039427,-87.66845103,"(41.920394271, -87.66845103)"
FALSE,1014,10,24,29,3,1152348,1890232,2016,05-12-2016 15:50,41.85465956,-87.71630365,"(41.854659562, -87.716303651)"
FALSE,522,5,34,49,04A,1178014,1829709,2016,05-12-2016 15:50,41.68803325,-87.62393147,"(41.688033246, -87.623931468)"
TRUE,432,4,10,52,08B,1201126,1841835,2016,05-12-2016 15:50,41.72075461,-87.53891254,"(41.720754607, -87.538912542)"
FALSE,1924,19,44,6,7,1170321,1922869,2016,05-12-2016 15:50,41.94384413,-87.64938028,"(41.943844128, -87.649380278)"
FALSE,133,1,2,35,08B,1179306,1885032,2016,05-12-2016 15:50,41.83981621,-87.61751617,"(41.839816207, -87.617516172)"
FALSE,122,1,2,32,26,1175595,1898332,2016,05-12-2016 15:50,41.8763964,-87.63073444,"(41.876396396, -87.630734438)"
TRUE,1034,10,28,30,08B,1159027,1888629,2016,05-12-2016 15:50,41.85012644,-87.69183276,"(41.850126439, -87.691832759)"
FALSE,1931,19,32,7,6,1164800,1917327,2016,05-12-2016 15:50,41.92875567,-87.66983049,"(41.92875567, -87.669830488)"
FALSE,112,1,42,32,6,1177309,1900530,2016,05-12-2016 15:50,41.88238916,-87.62437461,"(41.882389156, -87.624374606)"
FALSE,1914,19,46,3,6,1168796,1930171,2016,05-12-2016 15:50,41.96391435,-87.65477293,"(41.963914345, -87.654772932)"
FALSE,1531,15,37,25,18,1142205,1905011,2016,05-12-2016 15:50,41.895409,-87.75316654,"(41.895408997, -87.753166535)"
TRUE,815,8,23,57,08B,1147846,1872076,2016,05-12-2016 15:50,41.80492456,-87.73329352,"(41.804924561, -87.733293517)"
FALSE,513,5,34,49,6,1176911,1831518,2016,05-12-2016 15:50,41.69302227,-87.6279152,"(41.693022265, -87.627915204)"
FALSE,332,3,5,43,6,1188978,1859226,2016,05-12-2016 15:50,41.76877616,-87.58285156,"(41.768776162, -87.582851555)"
TRUE,1011,10,24,29,08B,1149594,1893562,2016,05-12-2016 15:50,41.86385135,-87.72632567,"(41.863851348, -87.72632567)"
FALSE,1631,16,36,17,26,1120558,1925553,2016,05-12-2016 15:50,41.95215327,-87.83223165,"(41.952153269, -87.832231648)"
FALSE,832,8,15,66,6,1160908,1858502,2016,05-12-2016 15:50,41.76741544,-87.68576232,"(41.767415443, -87.685762316)"
FALSE,1114,11,28,26,04B,1147545,1900143,2016,05/13/2016 03:51:16 PM,41.8819499,-87.73367874,"(41.881949902, -87.733678744)"
FALSE,921,9,14,58,18,1158379,1877130,2016,05-12-2016 15:50,41.8185851,-87.69452488,"(41.818585099, -87.694524884)"
FALSE,922,9,14,58,26,1157442,1874991,2016,05-12-2016 15:50,41.81273447,-87.69802016,"(41.812734474, -87.698020164)"
FALSE,1532,15,28,25,6,1141922,1901992,2016,05-12-2016 15:50,41.88712975,-87.75428077,"(41.887129745, -87.754280768)"
FALSE,623,6,6,44,08B,1177382,1852625,2016,05-12-2016 15:50,41.75093206,-87.62555545,"(41.750932061, -87.625555454)"
FALSE,2023,20,48,77,08B,1167924,1934999,2016,05-12-2016 15:50,41.97718143,-87.65783903,"(41.977181433, -87.657839028)"
FALSE,622,6,21,44,24,1174708,1850883,2016,05-12-2016 15:50,41.74621174,-87.63540603,"(41.74621174, -87.635406033)"
FALSE,522,5,34,49,15,1175674,1829041,2016,05-12-2016 15:50,41.68625271,-87.63251787,"(41.686252712, -87.632517867)"
FALSE,913,9,11,60,08B,1171215,1887548,2016,05-12-2016 15:50,41.84690153,-87.64713269,"(41.846901528, -87.647132685)"
FALSE,1732,17,35,21,6,1153099,1923246,2016,05-12-2016 15:50,41.94523828,-87.71267048,"(41.945238279, -87.712670479)"
FALSE,1533,15,28,25,18,1142037,1899173,2016,05-12-2016 15:50,41.87939193,-87.75392834,"(41.87939193, -87.753928343)"
TRUE,213,2,3,35,6,1176726,1881132,2016,05-12-2016 15:50,41.82917291,-87.62710123,"(41.829172913, -87.627101228)"
FALSE,1032,10,22,30,6,1152146,1885604,2016,05-12-2016 15:50,41.84196375,-87.71716696,"(41.841963746, -87.717166963)"
FALSE,113,1,42,32,18,1175968,1899257,2016,05-12-2016 15:50,41.87892626,-87.62933706,"(41.878926264, -87.629337063)"
FALSE,734,7,17,67,26,1166881,1858627,2016,05-12-2016 15:50,41.76763297,-87.66386508,"(41.76763297, -87.663865083)"
TRUE,332,3,5,43,08B,1188697,1860569,2016,05-12-2016 15:50,41.77246819,-87.58383865,"(41.772468189, -87.583838647)"
TRUE,512,5,9,49,04B,1180093,1835786,2016,05-12-2016 15:50,41.70466214,-87.61613523,"(41.704662143, -87.61613523)"
FALSE,1223,12,27,28,6,1163374,1901040,2016,05-12-2016 15:50,41.88409313,-87.67552952,"(41.884093133, -87.675529516)"
FALSE,1833,18,42,8,6,1177294,1905494,2016,05-12-2016 15:50,41.89601097,-87.62427907,"(41.896010965, -87.624279065)"
TRUE,1432,14,1,22,08B,1159887,1918112,2016,05-12-2016 15:50,41.93101267,-87.68786242,"(41.931012669, -87.687862424)"
FALSE,421,4,7,43,04A,1193872,1854153,2016,05-12-2016 15:50,41.75473689,-87.56507898,"(41.754736886, -87.56507898)"
FALSE,423,4,7,46,08A,1195297,1849542,2016,05-12-2016 15:50,41.7420489,-87.56000875,"(41.742048903, -87.560008753)"
FALSE,1834,18,42,8,18,1177995,1904828,2016,05-12-2016 15:50,41.8941675,-87.62172476,"(41.894167504, -87.621724757)"
FALSE,1134,11,28,27,18,1155109,1897796,2016,05-12-2016 15:50,41.87536111,-87.70596667,"(41.875361105, -87.705966667)"
TRUE,723,7,17,68,08B,1171447,1860911,2016,05-12-2016 15:50,41.7738018,-87.64706189,"(41.773801799, -87.647061893)"
FALSE,1532,15,28,25,18,1143873,1902568,2016,05-12-2016 15:50,41.88867401,-87.7471016,"(41.888674007, -87.747101603)"
FALSE,1925,19,46,6,14,1170704,1924137,2016,05-12-2016 15:50,41.94731517,-87.64793529,"(41.947315174, -87.64793529)"
FALSE,1512,15,29,25,08B,1138980,1901803,2016,05-12-2016 15:50,41.88666507,-87.76508938,"(41.886665074, -87.765089381)"
FALSE,1814,18,43,7,6,1174076,1915766,2016,05-12-2016 15:50,41.92427019,-87.63579118,"(41.924270193, -87.635791177)"
FALSE,1424,14,1,24,14,1162804,1909566,2016,05-12-2016 15:50,41.90750111,-87.67738325,"(41.907501113, -87.677383251)"
TRUE,1531,15,37,25,08B,1143857,1905216,2016,05-12-2016 15:50,41.89594073,-87.74709392,"(41.895940726, -87.74709392)"
FALSE,2234,22,34,75,14,1170737,1832109,2016,05-12-2016 15:50,41.69478059,-87.65050226,"(41.69478059, -87.650502256)"
FALSE,1913,19,46,3,6,1167612,1930696,2016,05-12-2016 15:50,41.96538061,-87.65911092,"(41.96538061, -87.659110921)"
FALSE,124,1,2,28,6,1172924,1894302,2016,05-12-2016 15:50,41.86539738,-87.64066078,"(41.865397377, -87.640660777)"
FALSE,2525,25,30,20,26,1149387,1913156,2016,05-12-2016 15:50,41.91762339,-87.72657693,"(41.917623388, -87.726576932)"
FALSE,631,6,8,44,7,1183631,1851840,2016,05-12-2016 15:50,41.74863459,-87.60268071,"(41.748634594, -87.60268071)"
FALSE,122,1,42,32,6,1174682,1902218,2016,05-12-2016 15:50,41.88708027,-87.63397037,"(41.887080274, -87.633970365)"
FALSE,1022,10,24,29,26,1154821,1893269,2016,05-12-2016 15:50,41.86294431,-87.70714534,"(41.862944305, -87.707145344)"
FALSE,1024,10,22,30,18,1153384,1888887,2016,05-12-2016 15:50,41.85094823,-87.71253676,"(41.850948232, -87.712536759)"
TRUE,1914,19,46,3,08B,1168264,1930712,2016,05-12-2016 15:50,41.96541041,-87.65671321,"(41.965410411, -87.656713212)"
FALSE,1132,11,24,26,18,1149575,1896802,2016,05-12-2016 15:50,41.87274266,-87.72631131,"(41.872742656, -87.726311313)"
TRUE,313,3,20,42,04B,1180634,1864484,2016,05-12-2016 15:50,41.78340035,-87.61327483,"(41.78340035, -87.613274825)"
FALSE,1533,15,28,25,26,1142884,1899556,2016,05-12-2016 15:50,41.8804272,-87.75080871,"(41.880427197, -87.750808709)"
FALSE,211,2,3,35,3,1176347,1883125,2016,05-12-2016 15:50,41.83465041,-87.62843175,"(41.834650408, -87.62843175)"
FALSE,111,1,42,32,6,1175507,1901535,2016,05-12-2016 15:50,41.88518759,-87.63096129,"(41.885187593, -87.630961294)"
FALSE,1133,11,24,26,14,1150859,1896754,2016,05/13/2016 03:51:16 PM,41.87258593,-87.72159838,"(41.872585925, -87.721598378)"
FALSE,921,9,14,58,18,1157404,1876982,2016,05/13/2016 03:51:16 PM,41.8181988,-87.69810556,"(41.818198803, -87.698105564)"
FALSE,2413,24,50,2,14,1159170,1941943,2016,05/13/2016 03:51:16 PM,41.99642097,-87.68983957,"(41.996420966, -87.689839568)"
FALSE,921,9,12,58,24,1159738,1876448,2016,05-12-2016 15:50,41.81668577,-87.68955831,"(41.816685774, -87.689558312)"
FALSE,431,4,7,51,08A,1193383,1839780,2016,05-12-2016 15:50,41.71530806,-87.56733978,"(41.715308056, -87.567339775)"
TRUE,511,5,9,49,6,1178550,1837026,2016,05/13/2016 03:51:16 PM,41.7081,-87.62174792,"(41.708099997, -87.621747919)"
FALSE,1651,16,41,76,6,1100317,1935229,2016,05-12-2016 15:50,41.9790063,-87.90646316,"(41.979006297, -87.906463155)"
FALSE,121,1,2,28,6,1172669,1898098,2016,05-12-2016 15:50,41.87581951,-87.64148457,"(41.875819509, -87.641484569)"
FALSE,1423,14,26,24,26,1157469,1909409,2016,05-12-2016 15:50,41.90718057,-87.69698542,"(41.907180571, -87.696985422)"
FALSE,213,2,3,38,6,1176359,1878059,2016,05-12-2016 15:50,41.82074861,-87.62854022,"(41.820748614, -87.628540215)"
FALSE,1821,18,27,8,6,1173532,1910971,2016,05-12-2016 15:50,41.91112462,-87.6379329,"(41.911124622, -87.637932903)"
FALSE,2232,22,21,73,08B,1169846,1836216,2016,05-12-2016 15:50,41.70607019,-87.6536458,"(41.706070186, -87.653645803)"
FALSE,1014,10,24,29,6,1150726,1889490,2016,05-12-2016 15:50,41.85265525,-87.72227651,"(41.852655253, -87.722276506)"
FALSE,122,1,42,32,6,1174702,1901555,2016,05-12-2016 15:50,41.88526052,-87.63391676,"(41.885260516, -87.633916764)"
FALSE,1532,15,28,25,26,1143934,1902569,2016,05-12-2016 15:50,41.88867561,-87.74687756,"(41.888675607, -87.74687756)"
FALSE,513,5,34,49,16,1178208,1831989,2016,05-12-2016 15:50,41.69428551,-87.62315244,"(41.694285511, -87.623152439)"
FALSE,411,4,5,43,08A,1186309,1855533,2016,05-12-2016 15:50,41.75870572,-87.5927512,"(41.758705721, -87.592751196)"
FALSE,1814,18,43,7,6,1173986,1913691,2016,05-12-2016 15:50,41.91857831,-87.63618385,"(41.918578314, -87.636183854)"
FALSE,713,7,16,67,14,1168343,1865408,2016,05-12-2016 15:50,41.78620953,-87.6583111,"(41.786209526, -87.658311102)"
FALSE,1424,14,1,24,6,1162454,1909830,2016,05-12-2016 15:50,41.90823289,-87.67866156,"(41.908232886, -87.678661556)"
FALSE,222,2,4,39,7,1184545,1876563,2016,05-12-2016 15:50,41.8164553,-87.59855738,"(41.816455303, -87.598557379)"
FALSE,613,6,21,71,14,1172355,1847242,2016,05-12-2016 15:50,41.7362724,-87.64413477,"(41.736272399, -87.64413477)"
FALSE,931,9,20,61,08B,1163837,1872670,2016,05-12-2016 15:50,41.80623325,-87.67462837,"(41.806233246, -87.674628367)"
FALSE,2521,25,31,20,6,1144938,1918212,2016,05-12-2016 15:50,41.93158276,-87.74279494,"(41.931582761, -87.742794939)"
TRUE,321,3,5,42,14,1183365,1861248,2016,05-12-2016 15:50,41.77445728,-87.60336287,"(41.774457277, -87.603362874)"
FALSE,831,8,15,66,04A,1156023,1860354,2016,05-12-2016 15:50,41.77259714,-87.70361838,"(41.772597143, -87.703618384)"
FALSE,331,3,5,43,5,1191763,1858640,2016,05-12-2016 15:50,41.767101,-87.5726623,"(41.767100995, -87.572662298)"
FALSE,1925,19,46,6,26,1171455,1926529,2016,05-12-2016 15:50,41.95386239,-87.64510423,"(41.95386239, -87.64510423)"
FALSE,622,6,21,44,6,1176740,1847273,2016,05-12-2016 15:50,41.73625998,-87.62806878,"(41.736259984, -87.628068782)"
FALSE,711,7,20,68,15,1174692,1863689,2016,05-12-2016 15:50,41.78135327,-87.63508375,"(41.781353265, -87.635083754)"
FALSE,825,8,16,66,08A,1161408,1864461,2016,05-12-2016 15:50,41.78375742,-87.68376461,"(41.783757424, -87.683764609)"
FALSE,511,5,8,50,08B,1186531,1838828,2016,05-12-2016 15:50,41.7128602,-87.59246461,"(41.7128602, -87.592464611)"
FALSE,1814,18,43,7,6,1174280,1910990,2016,05-12-2016 15:50,41.91116009,-87.63518447,"(41.911160085, -87.635184465)"
FALSE,1134,11,28,27,18,1153980,1897823,2016,05-12-2016 15:50,41.87545777,-87.71011122,"(41.875457766, -87.710111215)"
FALSE,725,7,17,67,26,1167046,1858966,2016,05-12-2016 15:50,41.76855971,-87.6632506,"(41.768559705, -87.663250604)"
FALSE,1023,10,28,29,18,1158907,1893762,2016,05-12-2016 15:50,41.86421439,-87.69213249,"(41.864214387, -87.692132493)"
TRUE,2013,20,48,77,26,1165032,1938942,2016,05-12-2016 15:50,41.98806324,-87.66836161,"(41.988063235, -87.668361609)"
FALSE,1833,18,42,8,6,1176697,1905741,2016,05-12-2016 15:50,41.89670226,-87.62646422,"(41.896702263, -87.626464221)"
FALSE,434,4,10,51,08B,1193897,1835873,2016,05-12-2016 15:50,41.70457429,-87.56558489,"(41.704574292, -87.565584886)"
FALSE,531,5,9,49,18,1178911,1830064,2016,05-12-2016 15:50,41.6889871,-87.6206369,"(41.6889871, -87.620636896)"
FALSE,533,5,9,54,26,1183249,1818931,2016,05-12-2016 15:50,41.65833698,-87.6051002,"(41.658336976, -87.6051002)"
FALSE,1711,17,39,13,6,1150426,1936949,2016,05-12-2016 15:50,41.98289295,-87.72213619,"(41.982892951, -87.72213619)"
FALSE,1131,11,24,25,16,1144519,1895900,2016,05-12-2016 15:50,41.87036407,-87.74489712,"(41.870364073, -87.744897116)"
FALSE,613,6,21,71,18,1171158,1847551,2016,05-12-2016 15:50,41.73714656,-87.64851115,"(41.737146558, -87.648511151)"
FALSE,623,6,17,69,6,1176766,1852607,2016,05-12-2016 15:50,41.75089655,-87.62781331,"(41.75089655, -87.627813307)"
FALSE,1732,17,30,21,6,1151118,1922533,2016,05-12-2016 15:50,41.94332088,-87.71997068,"(41.943320883, -87.719970677)"
FALSE,424,4,7,46,6,1197920,1850891,2016,05-12-2016 15:50,41.74568557,-87.55035337,"(41.745685574, -87.550353366)"
TRUE,211,2,2,35,08B,1179125,1883686,2016,05-12-2016 15:50,41.83612682,-87.61822148,"(41.836126824, -87.618221478)"
FALSE,1413,14,26,22,04B,1152869,1915539,2016,05-12-2016 15:50,41.92409423,-87.71372061,"(41.92409423, -87.713720611)"
FALSE,2413,24,50,2,6,1159170,1941923,2016,05-12-2016 15:50,41.99636609,-87.68984012,"(41.996366085, -87.68984012)"
FALSE,231,2,3,40,08B,1178258,1868584,2016,05-12-2016 15:50,41.79470542,-87.62186158,"(41.79470542, -87.621861584)"
FALSE,232,2,20,40,7,1178614,1865740,2016,05-12-2016 15:50,41.78689312,-87.6206426,"(41.786893119, -87.620642601)"
FALSE,1723,17,33,16,6,1152821,1929033,2016,05-12-2016 15:50,41.96112373,-87.71353848,"(41.961123731, -87.713538475)"
FALSE,1813,18,43,7,08B,1171331,1912251,2016,05-12-2016 15:50,41.91468569,-87.64598088,"(41.914685692, -87.645980876)"
FALSE,224,2,3,38,14,1178199,1871246,2016,05-12-2016 15:50,41.80201154,-87.62199716,"(41.802011535, -87.621997156)"
TRUE,215,2,3,38,20,1178822,1874295,2016,05-12-2016 15:50,41.81036409,-87.61961953,"(41.810364089, -87.619619528)"
FALSE,2013,20,48,77,08B,1165341,1936944,2016,05-12-2016 15:50,41.98257408,-87.66728224,"(41.982574075, -87.667282235)"
FALSE,1421,14,1,24,08B,1157432,1911505,2016,05-12-2016 15:50,41.91293292,-87.69706422,"(41.91293292, -87.697064224)"
FALSE,1131,11,24,25,16,1145037,1895286,2016,05-12-2016 15:50,41.86866942,-87.74301085,"(41.86866942, -87.74301085)"
FALSE,1131,11,24,25,16,1145634,1895358,2016,05-12-2016 15:50,41.86885571,-87.74081728,"(41.86885571, -87.740817279)"
TRUE,532,5,9,53,08B,1178973,1826267,2016,05/13/2016 03:51:16 PM,41.67856617,-87.62052493,"(41.678566166, -87.620524929)"
FALSE,2411,24,50,2,6,1158659,1947709,2016,05/13/2016 03:51:16 PM,42.01225359,-87.69156032,"(42.012253586, -87.691560322)"
TRUE,913,9,11,60,08B,1170137,1884288,2016,05/13/2016 03:51:16 PM,41.83797937,-87.65118392,"(41.837979367, -87.651183924)"
FALSE,1633,16,38,15,11,1138811,1921058,2016,05-12-2016 15:50,41.93950608,-87.76524165,"(41.939506077, -87.765241651)"
TRUE,621,6,17,44,14,1174340,1852301,2016,05-12-2016 15:50,41.75011109,-87.6367124,"(41.750111094, -87.636712395)"
TRUE,1631,16,36,17,26,1121761,1923172,2016,05-12-2016 15:50,41.94560012,-87.82786091,"(41.945600119, -87.827860909)"
FALSE,1532,15,28,25,08B,1143003,1901153,2016,05-12-2016 15:50,41.88480734,-87.75033191,"(41.884807342, -87.75033191)"
FALSE,1931,19,32,7,6,1162901,1918174,2016,05-12-2016 15:50,41.93112,-87.67678484,"(41.931120002, -87.676784841)"
FALSE,823,8,15,66,6,1156143,1862448,2016,05-12-2016 15:50,41.77834098,-87.70312224,"(41.778340981, -87.703122242)"
FALSE,523,5,34,53,14,1174545,1823010,2016,05-12-2016 15:50,41.66972782,-87.63682939,"(41.669727815, -87.636829386)"
TRUE,732,7,17,68,08B,1172805,1855811,2016,05-12-2016 15:50,41.75977694,-87.64223398,"(41.759776942, -87.642233976)"
TRUE,713,7,16,67,08B,1167857,1864296,2016,05-12-2016 15:50,41.78316852,-87.66012494,"(41.78316852, -87.660124944)"
FALSE,713,7,16,67,5,1167979,1866591,2016,05-12-2016 15:50,41.78946366,-87.65961172,"(41.789463655, -87.65961172)"
FALSE,2212,22,19,75,18,1166048,1830715,2016,05-12-2016 15:50,41.69105594,-87.66770956,"(41.691055942, -87.667709564)"
FALSE,711,7,20,68,5,1172651,1865442,2016,05-12-2016 15:50,41.78620893,-87.64251485,"(41.78620893, -87.642514854)"
FALSE,711,7,20,68,26,1175533,1865741,2016,05-12-2016 15:50,41.78696539,-87.63193911,"(41.786965389, -87.631939109)"
FALSE,722,7,20,68,6,1175585,1863128,2016,05-12-2016 15:50,41.77979388,-87.63182661,"(41.779793875, -87.631826613)"
FALSE,722,7,6,68,08B,1174651,1859743,2016,05-12-2016 15:50,41.77052591,-87.63535149,"(41.770525914, -87.635351487)"
FALSE,1012,10,24,29,7,1149774,1889785,2016,05-12-2016 15:50,41.85348331,-87.72576301,"(41.853483307, -87.725763009)"
FALSE,734,7,17,67,04A,1169187,1858771,2016,05-12-2016 15:50,41.76797856,-87.65540841,"(41.76797856, -87.655408413)"
FALSE,2515,25,30,19,6,1138618,1916230,2016,05-12-2016 15:50,41.92626104,-87.7660684,"(41.926261042, -87.766068398)"
FALSE,724,7,17,68,6,1169829,1859513,2016,05-12-2016 15:50,41.77000079,-87.65303368,"(41.770000791, -87.653033676)"
TRUE,2524,25,31,20,08B,1146305,1916672,2016,05-12-2016 15:50,41.92733091,-87.7378107,"(41.92733091, -87.737810697)"
FALSE,711,7,20,68,18,1172264,1867446,2016,05-12-2016 15:50,41.79171665,-87.64387486,"(41.791716651, -87.643874863)"
FALSE,912,9,11,59,04A,1163613,1880641,2016,05-12-2016 15:50,41.82811129,-87.67522602,"(41.828111292, -87.675226018)"
FALSE,923,9,14,63,14,1155934,1869724,2016,05-12-2016 15:50,41.79831157,-87.70369311,"(41.798311572, -87.703693107)"
FALSE,121,1,2,28,26,1172678,1898436,2016,05-12-2016 15:50,41.8767468,-87.64144152,"(41.876746804, -87.64144152)"
FALSE,1033,10,12,30,6,1156710,1888907,2016,05-12-2016 15:50,41.85093648,-87.70032904,"(41.850936484, -87.700329038)"
FALSE,124,1,2,28,26,1172257,1897564,2016,05-12-2016 15:50,41.87436328,-87.64301304,"(41.874363279, -87.643013039)"
FALSE,1731,17,31,16,5,1146146,1921117,2016,05-12-2016 15:50,41.93953143,-87.7382816,"(41.939531427, -87.738281596)"
FALSE,1532,15,28,25,26,1141629,1902341,2016,05-12-2016 15:50,41.88809286,-87.75534813,"(41.888092864, -87.755348129)"
TRUE,2515,25,37,19,26,1141003,1914970,2016,05-12-2016 15:50,41.92275984,-87.75733563,"(41.922759838, -87.757335626)"
FALSE,1911,19,47,4,26,1162000,1930546,2016,05-12-2016 15:50,41.96508833,-87.67974915,"(41.965088328, -87.679749145)"
FALSE,324,3,8,43,6,1188211,1856047,2016,05-12-2016 15:50,41.76007104,-87.58576423,"(41.760071039, -87.585764227)"
FALSE,821,8,14,57,6,1150934,1871470,2016,05-12-2016 15:50,41.80320189,-87.72198373,"(41.803201891, -87.72198373)"
FALSE,1522,15,29,25,5,1139982,1896657,2016,05-12-2016 15:50,41.87252552,-87.76153563,"(41.872525519, -87.761535629)"
FALSE,124,1,2,28,6,1173309,1895278,2016,05-12-2016 15:50,41.86806706,-87.63921847,"(41.868067057, -87.63921847)"
FALSE,323,3,8,69,18,1184179,1855883,2016,05-12-2016 15:50,41.75971621,-87.60054648,"(41.759716208, -87.600546479)"
FALSE,825,8,15,66,14,1159466,1862512,2016,05-12-2016 15:50,41.77844913,-87.69093811,"(41.778449132, -87.690938109)"
FALSE,1232,12,25,28,14,1168521,1895971,2016,05-12-2016 15:50,41.8700736,-87.65677598,"(41.870073596, -87.656775976)"
FALSE,823,8,15,66,08B,1157161,1861692,2016,05-12-2016 15:50,41.77624587,-87.6994106,"(41.776245872, -87.6994106)"
FALSE,1623,16,45,15,08B,1140440,1930676,2016,05-12-2016 15:50,41.96586898,-87.75901764,"(41.965868984, -87.759017637)"
FALSE,1633,16,38,15,6,1137805,1920848,2016,05-12-2016 15:50,41.93894805,-87.76894413,"(41.93894805, -87.768944129)"
FALSE,312,3,20,69,14,1180043,1861837,2016,05-12-2016 15:50,41.77615028,-87.61552262,"(41.776150283, -87.615522623)"
FALSE,814,8,23,56,18,1139925,1868768,2016,05-12-2016 15:50,41.79599493,-87.76242543,"(41.79599493, -87.762425433)"
FALSE,2511,25,36,18,26,1130243,1918840,2016,05-12-2016 15:50,41.93357111,-87.79678313,"(41.933571113, -87.796783133)"
FALSE,1023,10,28,29,7,1157932,1892551,2016,05-12-2016 15:50,41.8609112,-87.69574471,"(41.860911204, -87.695744714)"
FALSE,2533,25,37,23,08A,1146764,1909769,2016,05-12-2016 15:50,41.90837964,-87.73630063,"(41.908379638, -87.736300631)"
FALSE,634,6,21,44,6,1176702,1847271,2016,05-12-2016 15:50,41.73625535,-87.62820806,"(41.73625535, -87.62820806)"
FALSE,1834,18,42,8,6,1176302,1903096,2016,05-12-2016 15:50,41.88945317,-87.62799483,"(41.889453169, -87.627994833)"
FALSE,2222,22,21,73,6,1168771,1841752,2016,05-12-2016 15:50,41.72128504,-87.65742325,"(41.721285041, -87.65742325)"
FALSE,1621,16,45,12,6,1140736,1940981,2016,05-12-2016 15:50,41.99414127,-87.75767465,"(41.99414127, -87.75767465)"
FALSE,2524,25,30,22,18,1150086,1918338,2016,05-12-2016 15:50,41.93182966,-87.72387345,"(41.931829657, -87.723873445)"
FALSE,1115,11,28,26,18,1149528,1899708,2016,05-12-2016 15:50,41.88071796,-87.72640843,"(41.880717961, -87.726408427)"
FALSE,2514,25,30,19,7,1137888,1918295,2016,05-12-2016 15:50,41.93194085,-87.76870088,"(41.931940848, -87.768700876)"
FALSE,2222,22,21,73,14,1167973,1842799,2016,05-12-2016 15:50,41.72417532,-87.66031619,"(41.724175323, -87.66031619)"
TRUE,734,7,17,67,5,1168542,1858144,2016,05-12-2016 15:50,41.76627192,-87.65779069,"(41.766271917, -87.657790686)"
FALSE,1113,11,28,26,04A,1146567,1900601,2016,05-12-2016 15:50,41.8832254,-87.7372583,"(41.883225403, -87.737258302)"
FALSE,823,8,16,66,08B,1156300,1864672,2016,05-12-2016 15:50,41.7844408,-87.70248685,"(41.784440804, -87.70248685)"
FALSE,634,6,21,49,26,1176163,1841939,2016,05-12-2016 15:50,41.72163574,-87.6303423,"(41.721635743, -87.6303423)"
FALSE,1231,12,2,28,04A,1168402,1894845,2016,05-12-2016 15:50,41.86698634,-87.65724542,"(41.866986335, -87.657245417)"
FALSE,1922,19,32,6,5,1164194,1921293,2016,05-12-2016 15:50,41.93965145,-87.6719449,"(41.939651445, -87.671944903)"
FALSE,825,8,15,66,08A,1161333,1862817,2016,05-12-2016 15:50,41.77924762,-87.6840851,"(41.779247618, -87.684085098)"
FALSE,813,8,13,64,14,1146136,1862057,2016,05-12-2016 15:50,41.7774634,-87.73981883,"(41.777463402, -87.739818831)"
FALSE,113,1,42,32,6,1176418,1899130,2016,05-12-2016 15:50,41.87856763,-87.6276886,"(41.878567628, -87.627688599)"
TRUE,2233,22,34,75,26,1172663,1830211,2016,05-12-2016 15:50,41.68953007,-87.64350626,"(41.689530066, -87.643506256)"
FALSE,1824,18,42,8,04B,1177331,1908011,2016,05/13/2016 03:51:16 PM,41.90291689,-87.62406675,"(41.90291689, -87.624066746)"
FALSE,314,3,20,42,11,1183817,1863070,2016,05-12-2016 15:50,41.77944647,-87.60164911,"(41.779446471, -87.60164911)"
FALSE,1224,12,27,28,14,1169327,1901202,2016,05-12-2016 15:50,41.88441038,-87.65366484,"(41.884410376, -87.653664839)"
FALSE,833,8,13,65,6,1145727,1853720,2016,05-12-2016 15:50,41.75459296,-87.74152854,"(41.754592961, -87.741528537)"
FALSE,831,8,18,66,14,1158942,1857138,2016,05-12-2016 15:50,41.76371282,-87.69300582,"(41.763712816, -87.693005818)"
TRUE,1123,11,28,27,08A,1154225,1899821,2016,05-12-2016 15:50,41.8809356,-87.70915831,"(41.8809356, -87.709158314)"
FALSE,623,6,17,69,6,1176766,1852607,2016,05-12-2016 15:50,41.75089655,-87.62781331,"(41.75089655, -87.627813307)"
FALSE,324,3,5,69,08B,1185136,1857184,2016,05-12-2016 15:50,41.76326385,-87.59699831,"(41.763263853, -87.596998313)"
FALSE,1032,10,22,30,04B,1154182,1884207,2016,05-12-2016 15:50,41.83808988,-87.70973263,"(41.838089882, -87.709732633)"
FALSE,1215,12,26,24,14,1165155,1903554,2016,05-12-2016 15:50,41.8909541,-87.66891803,"(41.890954095, -87.668918026)"
FALSE,1024,10,22,30,5,1153421,1887620,2016,05-12-2016 15:50,41.8474707,-87.71243458,"(41.847470699, -87.712434582)"
FALSE,413,4,8,48,5,1188045,1844587,2016,05-12-2016 15:50,41.72862764,-87.58673702,"(41.728627641, -87.58673702)"
FALSE,434,4,10,51,26,1193859,1835673,2016,05-12-2016 15:50,41.7040264,-87.56573056,"(41.704026401, -87.565730561)"
FALSE,631,6,8,44,18,1184621,1851876,2016,05-12-2016 15:50,41.74871026,-87.59905191,"(41.748710255, -87.599051912)"
FALSE,822,8,14,63,3,1154564,1867937,2016,05-12-2016 15:50,41.79343522,-87.70876482,"(41.793435216, -87.70876482)"
FALSE,414,4,8,46,08A,1191619,1850850,2016,05-12-2016 15:50,41.74572808,-87.57344232,"(41.745728081, -87.573442315)"
FALSE,433,4,10,55,18,1197757,1819863,2016,05-12-2016 15:50,41.66054588,-87.55198212,"(41.660545875, -87.55198212)"
FALSE,634,6,21,49,5,1175427,1844563,2016,05-12-2016 15:50,41.72885281,-87.63295993,"(41.728852814, -87.632959928)"
FALSE,1834,18,42,8,3,1176735,1905086,2016,05-12-2016 15:50,41.89490405,-87.62634448,"(41.894904052, -87.626344479)"
FALSE,614,6,21,71,08B,1168095,1849042,2016,05-12-2016 15:50,41.74130441,-87.65969033,"(41.741304411, -87.659690327)"
FALSE,1115,11,28,26,18,1148412,1899086,2016,05-12-2016 15:50,41.87903271,-87.73052236,"(41.879032706, -87.730522364)"
FALSE,1121,11,27,23,18,1152839,1904444,2016,05-12-2016 15:50,41.89364913,-87.71412514,"(41.893649131, -87.714125144)"
FALSE,1935,19,43,7,6,1172570,1916727,2016,05-12-2016 15:50,41.9269407,-87.6412963,"(41.926940702, -87.641296295)"
TRUE,1522,15,29,25,08A,1141012,1899405,2016,05-12-2016 15:50,41.8800475,-87.75768632,"(41.880047495, -87.757686318)"
FALSE,1411,14,1,22,14,1159663,1917163,2016,05-12-2016 15:50,41.92841317,-87.6887118,"(41.928413173, -87.688711799)"
FALSE,1834,18,42,8,6,1177357,1903444,2016,05-12-2016 15:50,41.89038424,-87.62410992,"(41.890384236, -87.624109917)"
TRUE,1113,11,28,25,08A,1144858,1900562,2016,05-12-2016 15:50,41.88315079,-87.74353491,"(41.883150785, -87.743534907)"
FALSE,2422,24,49,1,18,1163893,1951001,2016,05-12-2016 15:50,42.0211776,-87.67220843,"(42.021177601, -87.67220843)"
FALSE,1822,18,27,8,6,1171007,1910275,2016,05-12-2016 15:50,41.90927056,-87.64722927,"(41.909270561, -87.64722927)"
FALSE,2423,24,49,1,6,1164472,1947659,2016,05-12-2016 15:50,42.01199481,-87.67017301,"(42.011994807, -87.670173006)"
FALSE,2431,24,49,1,5,1166984,1945439,2016,05-12-2016 15:50,42.00584932,-87.6609944,"(42.005849323, -87.660994398)"
FALSE,1824,18,43,8,6,1176070,1908457,2016,05-12-2016 15:50,41.90416925,-87.62868513,"(41.90416925, -87.628685126)"
FALSE,1513,15,29,25,08B,1139005,1898117,2016,05-12-2016 15:50,41.87654976,-87.7650872,"(41.876549757, -87.7650872)"
FALSE,2521,25,31,19,26,1143221,1918591,2016,05-12-2016 15:50,41.93265505,-87.74909521,"(41.932655053, -87.749095211)"
FALSE,512,5,34,49,15,1175969,1835632,2016,05-12-2016 15:50,41.7043328,-87.63124125,"(41.704332801, -87.631241254)"
FALSE,111,1,42,32,6,1176332,1901600,2016,05-12-2016 15:50,41.88534739,-87.62792982,"(41.885347387, -87.627929824)"
FALSE,835,8,18,70,08B,1158093,1851761,2016,05/13/2016 03:51:16 PM,41.74897479,-87.69626355,"(41.748974794, -87.696263553)"
FALSE,1133,11,28,27,2,1153765,1898461,2016,05-12-2016 15:50,41.87721279,-87.71088363,"(41.877212787, -87.710883629)"
FALSE,2521,25,31,19,18,1143692,1915522,2016,05-12-2016 15:50,41.92422459,-87.74744138,"(41.924224593, -87.747441381)"
FALSE,1135,11,28,28,20,1160388,1894644,2016,05-12-2016 15:50,41.8666042,-87.68667139,"(41.866604199, -87.686671389)"
FALSE,1113,11,28,25,18,1144846,1900083,2016,05-12-2016 15:50,41.88183658,-87.74359106,"(41.881836578, -87.743591059)"
FALSE,2521,25,31,19,04B,1144880,1920871,2016,05-12-2016 15:50,41.9388804,-87.74294079,"(41.938880401, -87.74294079)"
FALSE,2533,25,37,25,6,1145011,1910225,2016,05-12-2016 15:50,41.90966425,-87.74272882,"(41.909664252, -87.742728815)"
FALSE,824,8,16,63,08A,1159851,1865440,2016,05-12-2016 15:50,41.78647607,-87.68944629,"(41.78647607, -87.689446287)"
FALSE,1123,11,28,27,18,1153984,1901426,2016,05-12-2016 15:50,41.88534469,-87.71000045,"(41.88534469, -87.710000447)"
FALSE,1632,16,36,17,11,1130248,1923175,2016,05-12-2016 15:50,41.94546677,-87.79666502,"(41.945466774, -87.796665023)"
FALSE,524,5,34,53,6,1173026,1825943,2016,05-12-2016 15:50,41.67781001,-87.64230265,"(41.677810006, -87.642302645)"
FALSE,323,3,6,69,08A,1177522,1857646,2016,05-12-2016 15:50,41.7647071,-87.62489091,"(41.764707098, -87.624890909)"
TRUE,2412,24,50,2,14,1160459,1943166,2016,05-12-2016 15:50,41.99975024,-87.68506384,"(41.99975024, -87.68506384)"
FALSE,1531,15,37,25,3,1143907,1904871,2016,05-12-2016 15:50,41.89499307,-87.74691894,"(41.894993069, -87.746918939)"
FALSE,1124,11,28,27,24,1154088,1899336,2016,05-12-2016 15:50,41.87960744,-87.70967431,"(41.879607443, -87.709674313)"
FALSE,2514,25,31,19,14,1139654,1920080,2016,05-12-2016 15:50,41.93680697,-87.76216729,"(41.936806974, -87.762167287)"
FALSE,1913,19,46,3,5,1165936,1931313,2016,05-12-2016 15:50,41.96710971,-87.66525548,"(41.967109706, -87.665255481)"
FALSE,2233,22,34,49,14,1174847,1834245,2016,05-12-2016 15:50,41.7005517,-87.63539099,"(41.700551697, -87.635390985)"
FALSE,111,1,42,32,6,1176327,1901797,2016,05-12-2016 15:50,41.88588808,-87.62794224,"(41.885888079, -87.627942238)"
TRUE,1011,10,24,29,08B,1151922,1893510,2016,05/13/2016 03:51:16 PM,41.86366317,-87.717781,"(41.863663168, -87.717781003)"
FALSE,2531,25,29,25,18,1138382,1909770,2016,05-12-2016 15:50,41.90853835,-87.76709233,"(41.908538349, -87.767092328)"
FALSE,1923,19,44,6,26,1168634,1924088,2016,05-12-2016 15:50,41.94722589,-87.65554544,"(41.947225886, -87.655545441)"
FALSE,2514,25,31,19,14,1139372,1920073,2016,05-12-2016 15:50,41.93679292,-87.76320386,"(41.936792917, -87.76320386)"
FALSE,2533,25,37,25,14,1142296,1910641,2016,05-12-2016 15:50,41.91085667,-87.75269235,"(41.910856668, -87.752692351)"
FALSE,2534,25,30,23,3,1148599,1910315,2016,05-12-2016 15:50,41.90984267,-87.72954558,"(41.90984267, -87.729545576)"
FALSE,2211,22,19,72,6,1160597,1837567,2016,05-12-2016 15:50,41.7099729,-87.68747815,"(41.709972899, -87.687478152)"
FALSE,2511,25,29,19,14,1133411,1919261,2016,05/13/2016 03:51:16 PM,41.93467139,-87.78513079,"(41.93467139, -87.785130787)"
FALSE,433,4,10,55,04B,1201585,1816062,2016,05/13/2016 03:51:16 PM,41.65001944,-87.53810276,"(41.650019437, -87.538102757)"
FALSE,1653,16,41,76,6,1101811,1934419,2016,05-12-2016 15:50,41.97676298,-87.90098372,"(41.976762981, -87.900983721)"
FALSE,1722,17,39,16,3,1145819,1931299,2016,05-12-2016 15:50,41.9674779,-87.73922401,"(41.967477901, -87.739224006)"
FALSE,1424,14,1,24,14,1161311,1910606,2016,05-12-2016 15:50,41.91038615,-87.68283874,"(41.91038615, -87.682838739)"
FALSE,2234,22,34,75,26,1166367,1828277,2016,05-12-2016 15:50,41.68435888,-87.66661075,"(41.684358881, -87.666610754)"
FALSE,731,7,17,69,04A,1175806,1855899,2016,05-12-2016 15:50,41.75995174,-87.63123275,"(41.759951738, -87.631232748)"
FALSE,2534,25,30,23,04A,1147652,1910292,2016,05-12-2016 15:50,41.9097978,-87.73302509,"(41.909797796, -87.733025085)"
FALSE,1013,10,22,29,08B,1147580,1889013,2016,05-12-2016 15:50,41.85140716,-87.73383563,"(41.851407157, -87.733835632)"
FALSE,421,4,7,46,04B,1197884,1853567,2016,05-12-2016 15:50,41.75302961,-87.55039605,"(41.753029609, -87.55039605)"
FALSE,533,5,9,54,08B,1183258,1817673,2016,05-12-2016 15:50,41.65488463,-87.60510616,"(41.654884626, -87.605106157)"
TRUE,424,4,10,46,08B,1197853,1845870,2016,05-12-2016 15:50,41.73190924,-87.55076616,"(41.731909236, -87.550766157)"
FALSE,324,3,5,43,14,1187017,1856878,2016,05-12-2016 15:50,41.76237977,-87.59011387,"(41.762379769, -87.590113872)"
TRUE,1135,11,2,27,08A,1158255,1897253,2016,05-12-2016 15:50,41.87380738,-87.69443059,"(41.873807379, -87.69443059)"
TRUE,1135,11,2,27,04B,1156917,1897227,2016,05-12-2016 15:50,41.87376326,-87.6993438,"(41.873763257, -87.699343804)"
FALSE,1135,11,28,28,04B,1160320,1895638,2016,05-12-2016 15:50,41.86933324,-87.68689355,"(41.869333236, -87.686893545)"
FALSE,1013,10,22,30,04A,1152281,1888473,2016,05-12-2016 15:50,41.84983398,-87.71659594,"(41.849833976, -87.716595942)"
TRUE,133,1,3,35,08B,1176166,1885210,2016,05-12-2016 15:50,41.84037589,-87.62903315,"(41.840375885, -87.629033152)"
FALSE,1133,11,24,26,18,1151165,1897663,2016,05-12-2016 15:50,41.87507433,-87.72045108,"(41.875074332, -87.720451076)"
FALSE,412,4,8,45,20,1191190,1847689,2016,05-12-2016 15:50,41.73706439,-87.57511628,"(41.737064393, -87.575116277)"
FALSE,1623,16,45,11,17,1138064,1935560,2016,05-12-2016 15:50,41.97931448,-87.76763527,"(41.979314477, -87.767635272)"
FALSE,432,4,10,52,18,1201501,1837001,2016,05-12-2016 15:50,41.70748022,-87.53770265,"(41.707480219, -87.537702649)"
FALSE,2535,25,30,23,08B,1149466,1910591,2016,05-12-2016 15:50,41.91058325,-87.72635338,"(41.91058325, -87.726353375)"
FALSE,1112,11,27,23,08B,1149923,1904654,2016,05-12-2016 15:50,41.89428264,-87.72482922,"(41.894282641, -87.724829222)"
FALSE,2032,20,47,4,6,1163385,1931915,2016,05-12-2016 15:50,41.96881582,-87.67461815,"(41.968815819, -87.674618145)"
FALSE,1925,19,44,6,26,1171779,1923068,2016,05-12-2016 15:50,41.94435814,-87.64401551,"(41.944358143, -87.644015505)"
TRUE,531,5,9,49,08B,1179220,1829895,2016,05-12-2016 15:50,41.68851632,-87.61951079,"(41.688516319, -87.619510791)"
TRUE,2223,22,21,71,26,1173222,1845054,2016,05-12-2016 15:50,41.73024914,-87.64102287,"(41.730249135, -87.641022867)"
FALSE,2234,22,34,75,04A,1170329,1830423,2016,05-12-2016 15:50,41.6901628,-87.65204489,"(41.690162801, -87.65204489)"
FALSE,2213,22,19,72,08B,1167456,1837562,2016,05-12-2016 15:50,41.70981526,-87.66235945,"(41.709815257, -87.662359446)"
FALSE,835,8,18,70,7,1156384,1853214,2016,05-12-2016 15:50,41.75299661,-87.702487,"(41.752996613, -87.702486995)"
FALSE,1433,14,1,24,26,1164950,1910714,2016,05-12-2016 15:50,41.910606,-87.66946741,"(41.910606, -87.669467405)"
FALSE,1123,11,28,27,7,1153446,1901461,2016,05-12-2016 15:50,41.88545144,-87.71197516,"(41.88545144, -87.711975161)"
FALSE,712,7,16,68,14,1169280,1867465,2016,05-12-2016 15:50,41.79183394,-87.65481607,"(41.791833937, -87.654816072)"
FALSE,2514,25,30,19,7,1136005,1920657,2016,05-12-2016 15:50,41.93845625,-87.77556427,"(41.938456254, -87.775564266)"
FALSE,1121,11,27,23,14,1152620,1903104,2016,05-12-2016 15:50,41.88997637,-87.71496493,"(41.889976371, -87.714964928)"
TRUE,1724,17,33,16,04B,1154490,1929070,2016,05-12-2016 15:50,41.96119197,-87.70740132,"(41.96119197, -87.707401323)"
FALSE,1031,10,22,30,04B,1148869,1884008,2016,05-12-2016 15:50,41.837648,-87.72923386,"(41.837647995, -87.729233862)"
FALSE,1012,10,24,29,18,1147323,1889007,2016,05-12-2016 15:50,41.85139561,-87.73477905,"(41.851395612, -87.734779046)"
FALSE,421,4,7,43,18,1193995,1853066,2016,05-12-2016 15:50,41.75175106,-87.56466382,"(41.751751057, -87.56466382)"
FALSE,925,9,3,37,14,1175195,1879099,2016,05-12-2016 15:50,41.82362859,-87.63277918,"(41.823628586, -87.632779182)"
TRUE,933,9,20,61,26,1166492,1872556,2016,05-12-2016 15:50,41.80586417,-87.66489401,"(41.805864167, -87.664894011)"
FALSE,1433,14,32,24,6,1167031,1909117,2016,05-12-2016 15:50,41.90617928,-87.66186854,"(41.906179278, -87.661868539)"
FALSE,222,2,4,39,6,1186391,1872623,2016,05-12-2016 15:50,41.80560016,-87.59191062,"(41.805600157, -87.591910619)"
FALSE,1833,18,42,8,26,1177694,1906077,2016,05-12-2016 15:50,41.89760166,-87.62279223,"(41.897601664, -87.622792233)"
FALSE,2514,25,30,19,14,1136543,1919002,2016,05-12-2016 15:50,41.93390513,-87.77362667,"(41.933905133, -87.773626673)"
FALSE,1424,14,1,24,6,1161007,1910598,2016,05-12-2016 15:50,41.91037052,-87.68395574,"(41.910370518, -87.683955741)"
FALSE,814,8,23,56,18,1143488,1872834,2016,05-12-2016 15:50,41.80708701,-87.74925815,"(41.80708701, -87.749258149)"
FALSE,2212,22,19,75,26,1164158,1831001,2016,05-12-2016 15:50,41.69188065,-87.67462104,"(41.691880645, -87.674621042)"
FALSE,612,6,17,71,5,1169961,1854704,2016,05-12-2016 15:50,41.75680141,-87.65268931,"(41.756801414, -87.652689305)"
FALSE,2514,25,30,19,14,1136543,1919009,2016,05-12-2016 15:50,41.93392434,-87.77362651,"(41.933924342, -87.773626505)"
FALSE,2222,22,21,71,24,1167862,1846730,2016,05-12-2016 15:50,41.73496495,-87.66061024,"(41.734964951, -87.660610243)"
FALSE,912,9,11,59,14,1166193,1883285,2016,05-12-2016 15:50,41.83531208,-87.66568487,"(41.835312075, -87.665684868)"
FALSE,931,9,16,61,08B,1164506,1870860,2016,05-12-2016 15:50,41.80125229,-87.67222577,"(41.801252294, -87.672225768)"
FALSE,934,9,16,61,5,1166893,1869984,2016,05-12-2016 15:50,41.79879774,-87.66349681,"(41.798797735, -87.663496806)"
TRUE,2222,22,21,71,26,1168873,1846252,2016,05-12-2016 15:50,41.73363151,-87.65692012,"(41.733631506, -87.656920122)"
FALSE,1121,11,27,23,24,1153161,1903783,2016,05-12-2016 15:50,41.8918289,-87.71296009,"(41.891828899, -87.712960094)"
FALSE,1933,19,44,6,5,1167778,1919826,2016,05-12-2016 15:50,41.93554929,-87.65881512,"(41.935549294, -87.658815122)"
FALSE,1413,14,26,22,18,1152317,1914392,2016,05-12-2016 15:50,41.92095769,-87.71577925,"(41.920957691, -87.715779245)"
FALSE,1411,14,35,21,24,1155889,1918698,2016,05-12-2016 15:50,41.93270235,-87.70253847,"(41.932702349, -87.702538473)"
TRUE,1233,12,2,28,26,1168519,1893359,2016,05-12-2016 15:50,41.8629061,-87.65685888,"(41.862906101, -87.656858884)"
FALSE,923,9,14,63,04B,1161150,1870797,2016,05-12-2016 15:50,41.80114959,-87.68453522,"(41.801149586, -87.684535222)"
FALSE,1511,15,29,25,5,1138826,1906328,2016,05-12-2016 15:50,41.89908504,-87.76554496,"(41.899085036, -87.765544955)"
FALSE,1523,15,28,25,14,1141558,1900252,2016,05-12-2016 15:50,41.8823617,-87.75566051,"(41.882361702, -87.75566051)"
FALSE,822,8,14,63,18,1154692,1866396,2016,05-12-2016 15:50,41.78920394,-87.70833653,"(41.789203936, -87.70833653)"
FALSE,111,1,42,32,6,1176177,1901746,2016,05-12-2016 15:50,41.88575151,-87.6284946,"(41.885751514, -87.628494602)"
FALSE,1811,18,32,7,18,1168245,1915771,2016,05-12-2016 15:50,41.92441207,-87.65721639,"(41.924412074, -87.657216393)"
FALSE,814,8,23,56,6,1145175,1872040,2016,05-12-2016 15:50,41.80487652,-87.74309065,"(41.804876524, -87.743090651)"
FALSE,312,3,20,69,18,1180027,1862418,2016,05-12-2016 15:50,41.77774497,-87.6155635,"(41.777744971, -87.6155635)"
FALSE,2233,22,34,49,6,1172870,1834198,2016,05-12-2016 15:50,41.70046646,-87.64263138,"(41.70046646, -87.642631382)"
FALSE,1225,12,2,28,6,1163119,1898512,2016,05-12-2016 15:50,41.87716145,-87.67653695,"(41.877161446, -87.676536946)"
TRUE,2232,22,34,73,08B,1171180,1835852,2016,05-12-2016 15:50,41.70504232,-87.64877138,"(41.705042318, -87.648771375)"
FALSE,1214,12,27,24,7,1171269,1903692,2016,05-12-2016 15:50,41.89120067,-87.64646043,"(41.891200669, -87.646460427)"
TRUE,2233,22,34,49,6,1175128,1835730,2016,05-12-2016 15:50,41.7046205,-87.63431794,"(41.704620501, -87.634317937)"
TRUE,1134,11,28,27,08B,1156142,1896876,2016,05-12-2016 15:50,41.87281575,-87.70219872,"(41.87281575, -87.702198717)"
TRUE,1122,11,27,23,08B,1150959,1903343,2016,05-12-2016 15:50,41.8906649,-87.72105864,"(41.890664897, -87.721058641)"
TRUE,2233,22,34,49,08A,1172967,1831077,2016,05-12-2016 15:50,41.69189982,-87.64236788,"(41.69189982, -87.642367883)"
TRUE,2232,22,34,73,08B,1173431,1837545,2016,05-12-2016 15:50,41.70963876,-87.64047862,"(41.709638761, -87.640478616)"
TRUE,532,5,9,53,08B,1179292,1825758,2016,05-12-2016 15:50,41.67716215,-87.61937271,"(41.677162146, -87.619372714)"
FALSE,831,8,15,66,6,1156845,1861092,2016,05-12-2016 15:50,41.77460577,-87.70058523,"(41.77460577, -87.700585228)"
TRUE,834,8,18,70,14,1153625,1848972,2016,05-12-2016 15:50,41.74141092,-87.71270988,"(41.741410921, -87.712709881)"
FALSE,1225,12,2,28,26,1160442,1898882,2016,05-12-2016 15:50,41.87823255,-87.68635588,"(41.878232554, -87.686355881)"
FALSE,1822,18,32,8,6,1169808,1910460,2016,05-12-2016 15:50,41.90980445,-87.65162843,"(41.909804445, -87.651628429)"
TRUE,133,1,3,35,20,1176166,1885210,2016,05-12-2016 15:50,41.84037589,-87.62903315,"(41.840375885, -87.629033152)"
FALSE,1622,16,45,15,6,1137157,1931335,2016,05-12-2016 15:50,41.96773709,-87.77107287,"(41.967737091, -87.771072866)"
TRUE,312,3,20,69,08B,1180029,1862350,2016,05-12-2016 15:50,41.77755833,-87.61555825,"(41.777558327, -87.615558249)"
TRUE,322,3,6,69,04A,1180464,1858479,2016,05-12-2016 15:50,41.76692594,-87.61408223,"(41.766925938, -87.614082231)"
TRUE,321,3,20,42,2,1182359,1861195,2016,05-12-2016 15:50,41.77433521,-87.6070523,"(41.774335213, -87.6070523)"
TRUE,2533,25,37,25,08B,1141672,1910146,2016,05-12-2016 15:50,41.9095099,-87.754997,"(41.909509901, -87.754996996)"
FALSE,1822,18,43,8,6,1169954,1910618,2016,05-12-2016 15:50,41.91023482,-87.65108747,"(41.910234821, -87.651087472)"
FALSE,1132,11,24,26,3,1148959,1897704,2016,05-12-2016 15:50,41.87522978,-87.72854962,"(41.87522978, -87.728549617)"
FALSE,913,9,11,60,5,1167005,1886198,2016,05-12-2016 15:50,41.84328827,-87.66262193,"(41.843288272, -87.662621926)"
FALSE,1131,11,24,25,18,1144812,1898270,2016,05-12-2016 15:50,41.87686213,-87.74376164,"(41.876862128, -87.74376164)"
FALSE,1924,19,44,6,6,1168480,1923896,2016,05-12-2016 15:50,41.94670237,-87.65611708,"(41.94670237, -87.656117076)"
TRUE,733,7,6,68,26,1171871,1857534,2016,05-12-2016 15:50,41.76452561,-87.64560659,"(41.764525607, -87.645606586)"
FALSE,815,8,23,57,6,1147066,1873085,2016,05-12-2016 15:50,41.80770832,-87.73612855,"(41.807708317, -87.736128549)"
FALSE,914,9,11,60,5,1172069,1886874,2016,05-12-2016 15:50,41.84503325,-87.6440184,"(41.845033248, -87.644018399)"
FALSE,2213,22,21,73,18,1169793,1840192,2016,05-12-2016 15:50,41.71698209,-87.65372497,"(41.716982087, -87.653724969)"
FALSE,1024,10,24,30,7,1153751,1889508,2016,05-12-2016 15:50,41.85264504,-87.71117327,"(41.85264504, -87.711173269)"
FALSE,1224,12,27,28,5,1165439,1901110,2016,05-12-2016 15:50,41.88424153,-87.66794464,"(41.884241533, -87.667944636)"
FALSE,1712,17,39,14,6,1146842,1931781,2016,05-12-2016 15:50,41.96878102,-87.73545014,"(41.968781018, -87.735450137)"
FALSE,1433,14,32,24,6,1166821,1908597,2016,05-12-2016 15:50,41.90475687,-87.66265488,"(41.904756873, -87.662654879)"
FALSE,1422,14,26,23,5,1153936,1908123,2016,05-12-2016 15:50,41.90372286,-87.70999805,"(41.903722859, -87.709998046)"
FALSE,1531,15,28,25,08B,1144216,1904672,2016,05-12-2016 15:50,41.89444119,-87.74578906,"(41.894441189, -87.745789055)"
FALSE,324,3,5,69,3,1185519,1858165,2016,05-12-2016 15:50,41.7659468,-87.59556372,"(41.765946803, -87.595563723)"
FALSE,1433,14,32,24,6,1166821,1908597,2016,05-12-2016 15:50,41.90475687,-87.66265488,"(41.904756873, -87.662654879)"
FALSE,1723,17,33,14,7,1151864,1931269,2016,05-12-2016 15:50,41.9672784,-87.7169978,"(41.967278404, -87.716997802)"
FALSE,423,4,7,48,6,1195094,1844856,2016,05-12-2016 15:50,41.72919512,-87.56090662,"(41.729195123, -87.560906619)"
FALSE,1533,15,28,25,08A,1143440,1898215,2016,05-12-2016 15:50,41.87673695,-87.74880064,"(41.876736953, -87.748800643)"
FALSE,1433,14,32,24,6,1167110,1908574,2016,05-12-2016 15:50,41.90468755,-87.66159396,"(41.904687554, -87.661593963)"
FALSE,1614,16,41,76,14,1117054,1934217,2016,05-12-2016 15:50,41.97598387,-87.84493121,"(41.975983872, -87.84493121)"
FALSE,1234,12,25,31,14,1165314,1891689,2016,05-12-2016 15:50,41.85839217,-87.66867153,"(41.858392167, -87.668671527)"
FALSE,2531,25,29,25,7,1138388,1909575,2016,05-12-2016 15:50,41.90800314,-87.76707502,"(41.908003138, -87.767075016)"
FALSE,1723,17,39,16,7,1150340,1926550,2016,05-12-2016 15:50,41.95435908,-87.72272506,"(41.95435908, -87.722725056)"
FALSE,2511,25,36,18,6,1130224,1919510,2016,05-12-2016 15:50,41.93541,-87.79683755,"(41.93541, -87.79683755)"
FALSE,2432,24,40,1,6,1166708,1943819,2016,05-12-2016 15:50,42.00140996,-87.66205656,"(42.001409957, -87.662056556)"
FALSE,1731,17,30,16,5,1147446,1922503,2016,05-12-2016 15:50,41.94330987,-87.73346803,"(41.943309868, -87.733468027)"
FALSE,1821,18,42,8,6,1175309,1908678,2016,05-12-2016 15:50,41.9047928,-87.6314738,"(41.904792804, -87.631473804)"
